Endpoint,HTTP Method,Controller,Action/Method,Domain/Feature,Description,Authentication,Authorization,Criticality,Criticality Reason,Domain Event,Audit Required,Log Required,Important Log Fields,Sensitive Data,Metrics Required,Recommended Metrics,Trace Required,Dependencies,Existing Observability,Observability Gap,Priority,Migration Status,Notes
/api,GET,AppController,getHello,Core / Health,Returns basic service info.,Cookie/Header (TokenMiddleware),Downstream (None),Low,Static info endpoint.,No,No,Yes,"trace_id, x-span-id, request_id",No,Yes,"request_duration, status_code, downstream_latency",Yes,None,Morgan HTTP logging + Winston file logs + custom x-trace-id/x-span-id headers,No SDK. No OTEL propagation. No structured logging. No domain events. No metrics.,P3,Not Started,
/api/health,GET,AppController,getHealth,Core / Health,Health check with status and uptime.,Cookie/Header (TokenMiddleware),Downstream (None),Low,Infrastructure health check.,No,No,Yes,"trace_id, x-span-id, request_id",No,Yes,"request_duration, status_code, downstream_latency",Yes,None,Morgan HTTP logging + Winston file logs + custom x-trace-id/x-span-id headers,No SDK. No OTEL propagation. No structured logging. No domain events. No metrics.,P3,Not Started,
/api/users/create,POST,UsersController,createUser,Authentication & Access,User registration.,Cookie/Header (TokenMiddleware),Downstream (USER_SERVICE_URL),Critical,Core auth — new user creation.,No,Yes,Yes,"trace_id, x-span-id, request_id",Yes — PII,Yes,"request_duration, status_code, downstream_latency",Yes,USER_SERVICE_URL,Morgan HTTP logging + Winston file logs + custom x-trace-id/x-span-id headers,No SDK. No OTEL propagation. No structured logging. No domain events. No metrics.,P0,Not Started,
/api/users/confirm-email/:token,GET,UsersController,confirmEmail,Authentication & Access,Email confirmation via token URL.,Cookie/Header (TokenMiddleware),Downstream (USER_SERVICE_URL),High,Email verification step.,No,Yes,Yes,"trace_id, x-span-id, request_id",Yes — token in URL,Yes,"request_duration, status_code, downstream_latency",Yes,USER_SERVICE_URL,Morgan HTTP logging + Winston file logs + custom x-trace-id/x-span-id headers,No SDK. No OTEL propagation. No structured logging. No domain events. No metrics.,P1,Not Started,
/api/users/login,POST,UsersController,login,Authentication & Access,User authentication. Forwards Set-Cookie.,Cookie/Header (TokenMiddleware),Downstream (USER_SERVICE_URL),Critical,Primary auth entry point.,No,Yes,Yes,"trace_id, x-span-id, request_id",Yes — credentials,Yes,"request_duration, status_code, downstream_latency",Yes,USER_SERVICE_URL,Morgan HTTP logging + Winston file logs + custom x-trace-id/x-span-id headers,No SDK. No OTEL propagation. No structured logging. No domain events. No metrics.,P0,Not Started,Forwards Set-Cookie
/api/users/resend-otp,POST,UsersController,resendOtp,Authentication & Access,Resend OTP for verification.,Cookie/Header (TokenMiddleware),Downstream (USER_SERVICE_URL),High,OTP delivery.,No,Yes,Yes,"trace_id, x-span-id, request_id",No,Yes,"request_duration, status_code, downstream_latency",Yes,USER_SERVICE_URL,Morgan HTTP logging + Winston file logs + custom x-trace-id/x-span-id headers,No SDK. No OTEL propagation. No structured logging. No domain events. No metrics.,P1,Not Started,
/api/users/validate-otp,POST,UsersController,validateOtp,Authentication & Access,Validate OTP. Forwards Set-Cookie.,Cookie/Header (TokenMiddleware),Downstream (USER_SERVICE_URL),Critical,OTP verification for 2FA.,No,Yes,Yes,"trace_id, x-span-id, request_id",Yes — OTP,Yes,"request_duration, status_code, downstream_latency",Yes,USER_SERVICE_URL,Morgan HTTP logging + Winston file logs + custom x-trace-id/x-span-id headers,No SDK. No OTEL propagation. No structured logging. No domain events. No metrics.,P0,Not Started,Forwards Set-Cookie
/api/users/forgot-password,POST,UsersController,forgotPassword,Authentication & Access,Initiates password reset flow.,Cookie/Header (TokenMiddleware),Downstream (USER_SERVICE_URL),High,Password reset initiation.,No,Yes,Yes,"trace_id, x-span-id, request_id",No,Yes,"request_duration, status_code, downstream_latency",Yes,USER_SERVICE_URL,Morgan HTTP logging + Winston file logs + custom x-trace-id/x-span-id headers,No SDK. No OTEL propagation. No structured logging. No domain events. No metrics.,P1,Not Started,
/api/users/forgot-password-giriwawe,POST,UsersController,forgotPasswordGiriwawe,Authentication & Access,Giriwawe platform password reset.,Cookie/Header (TokenMiddleware),Downstream (USER_SERVICE_URL),Medium,Platform-specific reset.,No,No,Yes,"trace_id, x-span-id, request_id",No,Yes,"request_duration, status_code, downstream_latency",Yes,USER_SERVICE_URL,Morgan HTTP logging + Winston file logs + custom x-trace-id/x-span-id headers,No SDK. No OTEL propagation. No structured logging. No domain events. No metrics.,P2,Not Started,
/api/users/find-user-by-reset-token/:resetToken,GET,UsersController,findUserByResetToken,Authentication & Access,Lookup user by password reset token.,Cookie/Header (TokenMiddleware),Downstream (USER_SERVICE_URL),Medium,Reset token validation.,No,No,Yes,"trace_id, x-span-id, request_id",Yes — token in URL,Yes,"request_duration, status_code, downstream_latency",Yes,USER_SERVICE_URL,Morgan HTTP logging + Winston file logs + custom x-trace-id/x-span-id headers,No SDK. No OTEL propagation. No structured logging. No domain events. No metrics.,P2,Not Started,
/api/users/reset-password/:token,PATCH,UsersController,resetPassword,Authentication & Access,Reset password using token.,Cookie/Header (TokenMiddleware),Downstream (USER_SERVICE_URL),Critical,Password change — security critical.,No,Yes,Yes,"trace_id, x-span-id, request_id",Yes — token in URL,Yes,"request_duration, status_code, downstream_latency",Yes,USER_SERVICE_URL,Morgan HTTP logging + Winston file logs + custom x-trace-id/x-span-id headers,No SDK. No OTEL propagation. No structured logging. No domain events. No metrics.,P0,Not Started,
/api/users/get-user-nid,POST,UsersController,getUserNidData,Authentication & Access,Fetch national ID data from NIDA.,Cookie/Header (TokenMiddleware),Downstream (USER_SERVICE_URL),High,Government ID lookup.,No,Yes,Yes,"trace_id, x-span-id, request_id",Yes — NID data,Yes,"request_duration, status_code, downstream_latency",Yes,USER_SERVICE_URL,Morgan HTTP logging + Winston file logs + custom x-trace-id/x-span-id headers,No SDK. No OTEL propagation. No structured logging. No domain events. No metrics.,P1,Not Started,
/api/users/verify-phone-or-email,POST,UsersController,verifyPhoneOrEmail,Authentication & Access,Verify phone number or email.,Cookie/Header (TokenMiddleware),Downstream (USER_SERVICE_URL),Medium,Contact verification.,No,No,Yes,"trace_id, x-span-id, request_id",Yes — PII,Yes,"request_duration, status_code, downstream_latency",Yes,USER_SERVICE_URL,Morgan HTTP logging + Winston file logs + custom x-trace-id/x-span-id headers,No SDK. No OTEL propagation. No structured logging. No domain events. No metrics.,P2,Not Started,
/api/users/validate-tin,POST,UsersController,validateTinNumber,Authentication & Access,Validate TIN number.,Cookie/Header (TokenMiddleware),Downstream (USER_SERVICE_URL),High,Tax ID validation.,No,Yes,Yes,"trace_id, x-span-id, request_id",Yes — TIN,Yes,"request_duration, status_code, downstream_latency",Yes,USER_SERVICE_URL,Morgan HTTP logging + Winston file logs + custom x-trace-id/x-span-id headers,No SDK. No OTEL propagation. No structured logging. No domain events. No metrics.,P1,Not Started,
/api/users/me,GET,UsersController,getMe,Authentication & Access,Get current authenticated user profile.,Cookie/Header (TokenMiddleware),Downstream (USER_SERVICE_URL),Medium,Self-profile lookup.,No,No,Yes,"trace_id, x-span-id, request_id",Yes — user data,Yes,"request_duration, status_code, downstream_latency",Yes,USER_SERVICE_URL,Morgan HTTP logging + Winston file logs + custom x-trace-id/x-span-id headers,No SDK. No OTEL propagation. No structured logging. No domain events. No metrics.,P2,Not Started,
/api/users/switch-role,POST,UsersController,switchRole,Authentication & Access,Switch active user role. Forwards Set-Cookie.,Cookie/Header (TokenMiddleware),Downstream (USER_SERVICE_URL),High,Role context change.,No,Yes,Yes,"trace_id, x-span-id, request_id",No,Yes,"request_duration, status_code, downstream_latency",Yes,USER_SERVICE_URL,Morgan HTTP logging + Winston file logs + custom x-trace-id/x-span-id headers,No SDK. No OTEL propagation. No structured logging. No domain events. No metrics.,P1,Not Started,Forwards Set-Cookie
/api/users/logout,POST,UsersController,logout,Authentication & Access,User logout. Forwards Set-Cookie.,Cookie/Header (TokenMiddleware),Downstream (USER_SERVICE_URL),Medium,Session termination.,No,No,Yes,"trace_id, x-span-id, request_id",No,Yes,"request_duration, status_code, downstream_latency",Yes,USER_SERVICE_URL,Morgan HTTP logging + Winston file logs + custom x-trace-id/x-span-id headers,No SDK. No OTEL propagation. No structured logging. No domain events. No metrics.,P2,Not Started,Forwards Set-Cookie
/api/users/:id,GET,UsersController,getUserById,Authentication & Access,Get user by ID.,Cookie/Header (TokenMiddleware),Downstream (USER_SERVICE_URL),Low,Read-only user lookup.,No,No,Yes,"trace_id, x-span-id, request_id",Yes — user data,Yes,"request_duration, status_code, downstream_latency",Yes,USER_SERVICE_URL,Morgan HTTP logging + Winston file logs + custom x-trace-id/x-span-id headers,No SDK. No OTEL propagation. No structured logging. No domain events. No metrics.,P3,Not Started,
/api/users/validate-phone-from-nid/:nationalId,GET,UsersController,validatePhoneFromNid,Authentication & Access,Validate phone from national ID.,Cookie/Header (TokenMiddleware),Downstream (USER_SERVICE_URL),High,NIDA phone validation.,No,Yes,Yes,"trace_id, x-span-id, request_id",Yes — NID in URL,Yes,"request_duration, status_code, downstream_latency",Yes,USER_SERVICE_URL,Morgan HTTP logging + Winston file logs + custom x-trace-id/x-span-id headers,No SDK. No OTEL propagation. No structured logging. No domain events. No metrics.,P1,Not Started,
/api/users/validate-national-id/:nationalId,GET,UsersController,validateNationalId,Authentication & Access,Validate national ID via NIDA.,Cookie/Header (TokenMiddleware),Downstream (USER_SERVICE_URL),High,Government ID validation.,No,Yes,Yes,"trace_id, x-span-id, request_id",Yes — NID in URL,Yes,"request_duration, status_code, downstream_latency",Yes,USER_SERVICE_URL,Morgan HTTP logging + Winston file logs + custom x-trace-id/x-span-id headers,No SDK. No OTEL propagation. No structured logging. No domain events. No metrics.,P1,Not Started,
/api/users/validate-tin-rra/:tinNumber,GET,UsersController,validateTinFromRra,Authentication & Access,Validate TIN via RRA.,Cookie/Header (TokenMiddleware),Downstream (USER_SERVICE_URL),High,Tax authority validation.,No,Yes,Yes,"trace_id, x-span-id, request_id",Yes — TIN in URL,Yes,"request_duration, status_code, downstream_latency",Yes,USER_SERVICE_URL,Morgan HTTP logging + Winston file logs + custom x-trace-id/x-span-id headers,No SDK. No OTEL propagation. No structured logging. No domain events. No metrics.,P1,Not Started,
/api/users/validate-tin-rdb,POST,UsersController,validateTinNumberRDB,Authentication & Access,Validate TIN via RDB.,Cookie/Header (TokenMiddleware),Downstream (USER_SERVICE_URL),High,Company registration validation.,No,Yes,Yes,"trace_id, x-span-id, request_id",Yes — TIN,Yes,"request_duration, status_code, downstream_latency",Yes,USER_SERVICE_URL,Morgan HTTP logging + Winston file logs + custom x-trace-id/x-span-id headers,No SDK. No OTEL propagation. No structured logging. No domain events. No metrics.,P1,Not Started,
/api/users/refresh-token,POST,UsersController,refreshToken,Authentication & Access,Refresh JWT. Forwards Set-Cookie.,Cookie/Header (TokenMiddleware),Downstream (USER_SERVICE_URL),Critical,Token renewal — session continuity.,No,Yes,Yes,"trace_id, x-span-id, request_id",No,Yes,"request_duration, status_code, downstream_latency",Yes,USER_SERVICE_URL,Morgan HTTP logging + Winston file logs + custom x-trace-id/x-span-id headers,No SDK. No OTEL propagation. No structured logging. No domain events. No metrics.,P0,Not Started,Forwards Set-Cookie
/api/users/complete-first-login,POST,UsersController,completeFirstLogin,Authentication & Access,Complete first login flow.,Cookie/Header (TokenMiddleware),Downstream (USER_SERVICE_URL),High,Onboarding completion.,No,Yes,Yes,"trace_id, x-span-id, request_id",No,Yes,"request_duration, status_code, downstream_latency",Yes,USER_SERVICE_URL,Morgan HTTP logging + Winston file logs + custom x-trace-id/x-span-id headers,No SDK. No OTEL propagation. No structured logging. No domain events. No metrics.,P1,Not Started,
/api/access/create-role,POST,AccessController,createRole,Authentication & Access,Create new role.,Cookie/Header (TokenMiddleware),Downstream (USER_SERVICE_URL),Critical,RBAC role creation.,No,Yes,Yes,"trace_id, x-span-id, request_id",No,Yes,"request_duration, status_code, downstream_latency",Yes,USER_SERVICE_URL,Morgan HTTP logging + Winston file logs + custom x-trace-id/x-span-id headers,No SDK. No OTEL propagation. No structured logging. No domain events. No metrics.,P0,Not Started,File upload: icon
/api/access/manage-user-role,POST,AccessController,manageUserRole,Authentication & Access,Assign/remove user role.,Cookie/Header (TokenMiddleware),Downstream (USER_SERVICE_URL),Critical,RBAC role assignment.,No,Yes,Yes,"trace_id, x-span-id, request_id",No,Yes,"request_duration, status_code, downstream_latency",Yes,USER_SERVICE_URL,Morgan HTTP logging + Winston file logs + custom x-trace-id/x-span-id headers,No SDK. No OTEL propagation. No structured logging. No domain events. No metrics.,P0,Not Started,
/api/access/manage-role-permission,POST,AccessController,manageRolePermission,Authentication & Access,Manage role permissions.,Cookie/Header (TokenMiddleware),Downstream (USER_SERVICE_URL),Critical,RBAC permission mapping.,No,Yes,Yes,"trace_id, x-span-id, request_id",No,Yes,"request_duration, status_code, downstream_latency",Yes,USER_SERVICE_URL,Morgan HTTP logging + Winston file logs + custom x-trace-id/x-span-id headers,No SDK. No OTEL propagation. No structured logging. No domain events. No metrics.,P0,Not Started,
/api/access/get-roles,GET,AccessController,getRoles,Authentication & Access,List all roles.,Cookie/Header (TokenMiddleware),Downstream (USER_SERVICE_URL),Low,Read-only role listing.,No,No,Yes,"trace_id, x-span-id, request_id",No,Yes,"request_duration, status_code, downstream_latency",Yes,USER_SERVICE_URL,Morgan HTTP logging + Winston file logs + custom x-trace-id/x-span-id headers,No SDK. No OTEL propagation. No structured logging. No domain events. No metrics.,P3,Not Started,
/api/access/get-permissions,POST,AccessController,getPermissions,Authentication & Access,Get permissions.,Cookie/Header (TokenMiddleware),Downstream (USER_SERVICE_URL),Low,Read-only permission listing.,No,No,Yes,"trace_id, x-span-id, request_id",No,Yes,"request_duration, status_code, downstream_latency",Yes,USER_SERVICE_URL,Morgan HTTP logging + Winston file logs + custom x-trace-id/x-span-id headers,No SDK. No OTEL propagation. No structured logging. No domain events. No metrics.,P3,Not Started,
/api/access/get-one-role,POST,AccessController,getRoleByNameOrId,Authentication & Access,Get role by name or ID.,Cookie/Header (TokenMiddleware),Downstream (USER_SERVICE_URL),Low,Read-only role lookup.,No,No,Yes,"trace_id, x-span-id, request_id",No,Yes,"request_duration, status_code, downstream_latency",Yes,USER_SERVICE_URL,Morgan HTTP logging + Winston file logs + custom x-trace-id/x-span-id headers,No SDK. No OTEL propagation. No structured logging. No domain events. No metrics.,P3,Not Started,
/api/access/get-all-users,POST,AccessController,getAllUsers,Authentication & Access,List all users.,Cookie/Header (TokenMiddleware),Downstream (USER_SERVICE_URL),Medium,User listing.,No,No,Yes,"trace_id, x-span-id, request_id",Yes — user list,Yes,"request_duration, status_code, downstream_latency",Yes,USER_SERVICE_URL,Morgan HTTP logging + Winston file logs + custom x-trace-id/x-span-id headers,No SDK. No OTEL propagation. No structured logging. No domain events. No metrics.,P2,Not Started,
/api/access/logout,GET,AccessController,logout,Authentication & Access,Logout via access controller.,Cookie/Header (TokenMiddleware),Downstream (USER_SERVICE_URL),Medium,Session termination.,No,No,Yes,"trace_id, x-span-id, request_id",No,Yes,"request_duration, status_code, downstream_latency",Yes,USER_SERVICE_URL,Morgan HTTP logging + Winston file logs + custom x-trace-id/x-span-id headers,No SDK. No OTEL propagation. No structured logging. No domain events. No metrics.,P2,Not Started,
/api/access/manage-user-access,POST,AccessController,manageUserAccess,Authentication & Access,Block/unblock user.,Cookie/Header (TokenMiddleware),Downstream (USER_SERVICE_URL),Critical,User access control.,No,Yes,Yes,"trace_id, x-span-id, request_id",No,Yes,"request_duration, status_code, downstream_latency",Yes,USER_SERVICE_URL,Morgan HTTP logging + Winston file logs + custom x-trace-id/x-span-id headers,No SDK. No OTEL propagation. No structured logging. No domain events. No metrics.,P0,Not Started,
/api/access/create-user-admin,POST,AccessController,createUserAdmin,Authentication & Access,Create admin user.,Cookie/Header (TokenMiddleware),Downstream (USER_SERVICE_URL),Critical,Admin user creation.,No,Yes,Yes,"trace_id, x-span-id, request_id",No,Yes,"request_duration, status_code, downstream_latency",Yes,USER_SERVICE_URL,Morgan HTTP logging + Winston file logs + custom x-trace-id/x-span-id headers,No SDK. No OTEL propagation. No structured logging. No domain events. No metrics.,P0,Not Started,
/api/access/create-permission,POST,AccessController,createPermission,Authentication & Access,Create permission.,Cookie/Header (TokenMiddleware),Downstream (USER_SERVICE_URL),High,RBAC permission creation.,No,Yes,Yes,"trace_id, x-span-id, request_id",No,Yes,"request_duration, status_code, downstream_latency",Yes,USER_SERVICE_URL,Morgan HTTP logging + Winston file logs + custom x-trace-id/x-span-id headers,No SDK. No OTEL propagation. No structured logging. No domain events. No metrics.,P1,Not Started,File upload: icon
/api/access/get-role-permission-mappings,GET,AccessController,getRolePermissionMappings,Authentication & Access,Get role-permission mappings.,Cookie/Header (TokenMiddleware),Downstream (USER_SERVICE_URL),Low,Read-only RBAC view.,No,No,Yes,"trace_id, x-span-id, request_id",No,Yes,"request_duration, status_code, downstream_latency",Yes,USER_SERVICE_URL,Morgan HTTP logging + Winston file logs + custom x-trace-id/x-span-id headers,No SDK. No OTEL propagation. No structured logging. No domain events. No metrics.,P3,Not Started,
/api/access/update-permission,PUT,AccessController,updatePermission,Authentication & Access,Update permission.,Cookie/Header (TokenMiddleware),Downstream (USER_SERVICE_URL),High,RBAC permission update.,No,Yes,Yes,"trace_id, x-span-id, request_id",No,Yes,"request_duration, status_code, downstream_latency",Yes,USER_SERVICE_URL,Morgan HTTP logging + Winston file logs + custom x-trace-id/x-span-id headers,No SDK. No OTEL propagation. No structured logging. No domain events. No metrics.,P1,Not Started,File upload: icon
/api/access/business/:businessId/update-user,POST,AccessController,updateBusinessUser,Authentication & Access,Update business user.,Cookie/Header (TokenMiddleware),Downstream (USER_SERVICE_URL),High,Business user management.,No,Yes,Yes,"trace_id, x-span-id, request_id",No,Yes,"request_duration, status_code, downstream_latency",Yes,USER_SERVICE_URL,Morgan HTTP logging + Winston file logs + custom x-trace-id/x-span-id headers,No SDK. No OTEL propagation. No structured logging. No domain events. No metrics.,P1,Not Started,
/api/access/create-business-user,POST,AccessController,createBusinessUser,Authentication & Access,Create business user.,Cookie/Header (TokenMiddleware),Downstream (USER_SERVICE_URL),High,Business user creation.,No,Yes,Yes,"trace_id, x-span-id, request_id",No,Yes,"request_duration, status_code, downstream_latency",Yes,USER_SERVICE_URL,Morgan HTTP logging + Winston file logs + custom x-trace-id/x-span-id headers,No SDK. No OTEL propagation. No structured logging. No domain events. No metrics.,P1,Not Started,
/api/access/business/:businessId/users,POST,AccessController,getBusinessUsers,Authentication & Access,Get business users.,Cookie/Header (TokenMiddleware),Downstream (USER_SERVICE_URL),Low,Read-only business user list.,No,No,Yes,"trace_id, x-span-id, request_id",No,Yes,"request_duration, status_code, downstream_latency",Yes,USER_SERVICE_URL,Morgan HTTP logging + Winston file logs + custom x-trace-id/x-span-id headers,No SDK. No OTEL propagation. No structured logging. No domain events. No metrics.,P3,Not Started,
/api/access/map-user,POST,AccessController,mapUser,Authentication & Access,Map user to entity.,Cookie/Header (TokenMiddleware),Downstream (USER_SERVICE_URL),High,User mapping.,No,Yes,Yes,"trace_id, x-span-id, request_id",No,Yes,"request_duration, status_code, downstream_latency",Yes,USER_SERVICE_URL,Morgan HTTP logging + Winston file logs + custom x-trace-id/x-span-id headers,No SDK. No OTEL propagation. No structured logging. No domain events. No metrics.,P1,Not Started,
/api/access/business/:tinNumber/toggle-user-status,POST,AccessController,toggleUserStatus,Authentication & Access,Toggle business user status.,Cookie/Header (TokenMiddleware),Downstream (USER_SERVICE_URL),High,User status change.,No,Yes,Yes,"trace_id, x-span-id, request_id",No,Yes,"request_duration, status_code, downstream_latency",Yes,USER_SERVICE_URL,Morgan HTTP logging + Winston file logs + custom x-trace-id/x-span-id headers,No SDK. No OTEL propagation. No structured logging. No domain events. No metrics.,P1,Not Started,
/api/profile/create-individual,POST,ProfileController,createCustomer,Profile Management,Create individual profile.,Cookie/Header (TokenMiddleware),Downstream (PROFILE_SERVICE_URL),High,Customer onboarding.,No,Yes,Yes,"trace_id, x-span-id, request_id",Yes — PII,Yes,"request_duration, status_code, downstream_latency",Yes,PROFILE_SERVICE_URL,Morgan HTTP logging + Winston file logs + custom x-trace-id/x-span-id headers,No SDK. No OTEL propagation. No structured logging. No domain events. No metrics.,P1,Not Started,
/api/profile/individual,GET,ProfileController,findAll,Profile Management,List all individual profiles.,Cookie/Header (TokenMiddleware),Downstream (PROFILE_SERVICE_URL),Low,Read-only listing.,No,No,Yes,"trace_id, x-span-id, request_id",Yes — PII list,Yes,"request_duration, status_code, downstream_latency",Yes,PROFILE_SERVICE_URL,Morgan HTTP logging + Winston file logs + custom x-trace-id/x-span-id headers,No SDK. No OTEL propagation. No structured logging. No domain events. No metrics.,P3,Not Started,
/api/profile/individual/:id,GET,ProfileController,findOne,Profile Management,Get individual profile by ID.,Cookie/Header (TokenMiddleware),Downstream (PROFILE_SERVICE_URL),Low,Read-only profile.,No,No,Yes,"trace_id, x-span-id, request_id",Yes — PII,Yes,"request_duration, status_code, downstream_latency",Yes,PROFILE_SERVICE_URL,Morgan HTTP logging + Winston file logs + custom x-trace-id/x-span-id headers,No SDK. No OTEL propagation. No structured logging. No domain events. No metrics.,P3,Not Started,
/api/profile/individual/:id,PATCH,ProfileController,update,Profile Management,Update individual profile.,Cookie/Header (TokenMiddleware),Downstream (PROFILE_SERVICE_URL),High,Profile data change.,No,Yes,Yes,"trace_id, x-span-id, request_id",Yes — PII,Yes,"request_duration, status_code, downstream_latency",Yes,PROFILE_SERVICE_URL,Morgan HTTP logging + Winston file logs + custom x-trace-id/x-span-id headers,No SDK. No OTEL propagation. No structured logging. No domain events. No metrics.,P1,Not Started,
/api/profile/create-business,POST,ProfileController,createBusiness,Profile Management,Create business profile.,Cookie/Header (TokenMiddleware),Downstream (PROFILE_SERVICE_URL),High,Business onboarding.,No,Yes,Yes,"trace_id, x-span-id, request_id",Yes — business data,Yes,"request_duration, status_code, downstream_latency",Yes,PROFILE_SERVICE_URL,Morgan HTTP logging + Winston file logs + custom x-trace-id/x-span-id headers,No SDK. No OTEL propagation. No structured logging. No domain events. No metrics.,P1,Not Started,
/api/profile/business,GET,ProfileController,findAllBusiness,Profile Management,List all business profiles.,Cookie/Header (TokenMiddleware),Downstream (PROFILE_SERVICE_URL),Low,Read-only listing.,No,No,Yes,"trace_id, x-span-id, request_id",No,Yes,"request_duration, status_code, downstream_latency",Yes,PROFILE_SERVICE_URL,Morgan HTTP logging + Winston file logs + custom x-trace-id/x-span-id headers,No SDK. No OTEL propagation. No structured logging. No domain events. No metrics.,P3,Not Started,
/api/profile/business/:id,GET,ProfileController,findOneBusiness,Profile Management,Get business profile by ID.,Cookie/Header (TokenMiddleware),Downstream (PROFILE_SERVICE_URL),Low,Read-only profile.,No,No,Yes,"trace_id, x-span-id, request_id",Yes — business data,Yes,"request_duration, status_code, downstream_latency",Yes,PROFILE_SERVICE_URL,Morgan HTTP logging + Winston file logs + custom x-trace-id/x-span-id headers,No SDK. No OTEL propagation. No structured logging. No domain events. No metrics.,P3,Not Started,
/api/profile/business/:id,PATCH,ProfileController,updateBusiness,Profile Management,Update business profile.,Cookie/Header (TokenMiddleware),Downstream (PROFILE_SERVICE_URL),High,Business data change.,No,Yes,Yes,"trace_id, x-span-id, request_id",Yes — business data,Yes,"request_duration, status_code, downstream_latency",Yes,PROFILE_SERVICE_URL,Morgan HTTP logging + Winston file logs + custom x-trace-id/x-span-id headers,No SDK. No OTEL propagation. No structured logging. No domain events. No metrics.,P1,Not Started,
/api/profile/create-customer-document,POST,ProfileController,createCustomerDocument,Profile Management,Create customer document.,Cookie/Header (TokenMiddleware),Downstream (PROFILE_SERVICE_URL),Medium,Document management.,No,No,Yes,"trace_id, x-span-id, request_id",No,Yes,"request_duration, status_code, downstream_latency",Yes,PROFILE_SERVICE_URL,Morgan HTTP logging + Winston file logs + custom x-trace-id/x-span-id headers,No SDK. No OTEL propagation. No structured logging. No domain events. No metrics.,P2,Not Started,
/api/profile/customer-documents,GET,ProfileController,findAllCustomerDocuments,Profile Management,List customer documents.,Cookie/Header (TokenMiddleware),Downstream (PROFILE_SERVICE_URL),Low,Read-only listing.,No,No,Yes,"trace_id, x-span-id, request_id",No,Yes,"request_duration, status_code, downstream_latency",Yes,PROFILE_SERVICE_URL,Morgan HTTP logging + Winston file logs + custom x-trace-id/x-span-id headers,No SDK. No OTEL propagation. No structured logging. No domain events. No metrics.,P3,Not Started,
/api/profile/customer-document/:id,GET,ProfileController,findCustomerDocumentById,Profile Management,Get customer document by ID.,Cookie/Header (TokenMiddleware),Downstream (PROFILE_SERVICE_URL),Low,Read-only document.,No,No,Yes,"trace_id, x-span-id, request_id",No,Yes,"request_duration, status_code, downstream_latency",Yes,PROFILE_SERVICE_URL,Morgan HTTP logging + Winston file logs + custom x-trace-id/x-span-id headers,No SDK. No OTEL propagation. No structured logging. No domain events. No metrics.,P3,Not Started,
/api/profile/customer-document/:id,PATCH,ProfileController,updateCustomerDocument,Profile Management,Update customer document.,Cookie/Header (TokenMiddleware),Downstream (PROFILE_SERVICE_URL),Medium,Document update.,No,No,Yes,"trace_id, x-span-id, request_id",No,Yes,"request_duration, status_code, downstream_latency",Yes,PROFILE_SERVICE_URL,Morgan HTTP logging + Winston file logs + custom x-trace-id/x-span-id headers,No SDK. No OTEL propagation. No structured logging. No domain events. No metrics.,P2,Not Started,
/api/profile/update-own-profile,PATCH,ProfileController,updateOwnProfile,Profile Management,Update own profile.,Cookie/Header (TokenMiddleware),Downstream (PROFILE_SERVICE_URL),Medium,Self-service profile update.,No,No,Yes,"trace_id, x-span-id, request_id",Yes — signature,Yes,"request_duration, status_code, downstream_latency",Yes,PROFILE_SERVICE_URL,Morgan HTTP logging + Winston file logs + custom x-trace-id/x-span-id headers,No SDK. No OTEL propagation. No structured logging. No domain events. No metrics.,P2,Not Started,File upload: signature
/api/staff/users,POST,StaffController,createStaffUser,Authentication & Access,Create staff user.,Cookie/Header (TokenMiddleware),Downstream (USER_SERVICE_URL),High,Staff onboarding.,No,Yes,Yes,"trace_id, x-span-id, request_id",No,Yes,"request_duration, status_code, downstream_latency",Yes,USER_SERVICE_URL,Morgan HTTP logging + Winston file logs + custom x-trace-id/x-span-id headers,No SDK. No OTEL propagation. No structured logging. No domain events. No metrics.,P1,Not Started,
/api/staff/users/all,POST,StaffController,getAllStaffUsers,Authentication & Access,List all staff users.,Cookie/Header (TokenMiddleware),Downstream (USER_SERVICE_URL),Low,Read-only listing.,No,No,Yes,"trace_id, x-span-id, request_id",Yes — staff list,Yes,"request_duration, status_code, downstream_latency",Yes,USER_SERVICE_URL,Morgan HTTP logging + Winston file logs + custom x-trace-id/x-span-id headers,No SDK. No OTEL propagation. No structured logging. No domain events. No metrics.,P3,Not Started,
/api/staff/users/manage-role,POST,StaffController,manageStaffUserRole,Authentication & Access,Manage staff user role.,Cookie/Header (TokenMiddleware),Downstream (USER_SERVICE_URL),Critical,Staff RBAC management.,No,Yes,Yes,"trace_id, x-span-id, request_id",No,Yes,"request_duration, status_code, downstream_latency",Yes,USER_SERVICE_URL,Morgan HTTP logging + Winston file logs + custom x-trace-id/x-span-id headers,No SDK. No OTEL propagation. No structured logging. No domain events. No metrics.,P0,Not Started,
/api/staff/users/:id,GET,StaffController,getStaffUserById,Authentication & Access,Get staff user by ID.,Cookie/Header (TokenMiddleware),Downstream (USER_SERVICE_URL),Low,Read-only lookup.,No,No,Yes,"trace_id, x-span-id, request_id",Yes — staff data,Yes,"request_duration, status_code, downstream_latency",Yes,USER_SERVICE_URL,Morgan HTTP logging + Winston file logs + custom x-trace-id/x-span-id headers,No SDK. No OTEL propagation. No structured logging. No domain events. No metrics.,P3,Not Started,
/api/staff/users/:id/subordinates,GET,StaffController,getSubordinates,Authentication & Access,Get subordinates.,Cookie/Header (TokenMiddleware),Downstream (USER_SERVICE_URL),Low,Org chart lookup.,No,No,Yes,"trace_id, x-span-id, request_id",No,Yes,"request_duration, status_code, downstream_latency",Yes,USER_SERVICE_URL,Morgan HTTP logging + Winston file logs + custom x-trace-id/x-span-id headers,No SDK. No OTEL propagation. No structured logging. No domain events. No metrics.,P3,Not Started,
/api/staff/users/:id,PUT,StaffController,updateStaffUser,Authentication & Access,Update staff user.,Cookie/Header (TokenMiddleware),Downstream (USER_SERVICE_URL),High,Staff data change.,No,Yes,Yes,"trace_id, x-span-id, request_id",No,Yes,"request_duration, status_code, downstream_latency",Yes,USER_SERVICE_URL,Morgan HTTP logging + Winston file logs + custom x-trace-id/x-span-id headers,No SDK. No OTEL propagation. No structured logging. No domain events. No metrics.,P1,Not Started,
/api/staff/users/:id,DELETE,StaffController,removeStaffUser,Authentication & Access,Soft delete staff user.,Cookie/Header (TokenMiddleware),Downstream (USER_SERVICE_URL),High,Staff removal.,No,Yes,Yes,"trace_id, x-span-id, request_id",No,Yes,"request_duration, status_code, downstream_latency",Yes,USER_SERVICE_URL,Morgan HTTP logging + Winston file logs + custom x-trace-id/x-span-id headers,No SDK. No OTEL propagation. No structured logging. No domain events. No metrics.,P1,Not Started,
/api/staff/users/:id/two-factor-auth,PUT,StaffController,toggleTwoFactorAuth,Authentication & Access,Toggle 2FA for staff.,Cookie/Header (TokenMiddleware),Downstream (USER_SERVICE_URL),Critical,2FA security toggle.,No,Yes,Yes,"trace_id, x-span-id, request_id",No,Yes,"request_duration, status_code, downstream_latency",Yes,USER_SERVICE_URL,Morgan HTTP logging + Winston file logs + custom x-trace-id/x-span-id headers,No SDK. No OTEL propagation. No structured logging. No domain events. No metrics.,P0,Not Started,
/api/staff/users/:id/two-factor-auth/status,GET,StaffController,getTwoFactorAuthStatus,Authentication & Access,Get 2FA status.,Cookie/Header (TokenMiddleware),Downstream (USER_SERVICE_URL),Low,Read-only security status.,No,No,Yes,"trace_id, x-span-id, request_id",No,Yes,"request_duration, status_code, downstream_latency",Yes,USER_SERVICE_URL,Morgan HTTP logging + Winston file logs + custom x-trace-id/x-span-id headers,No SDK. No OTEL propagation. No structured logging. No domain events. No metrics.,P3,Not Started,
/api/staff/departments,POST,StaffController,createDepartment,Authentication & Access,Create department.,Cookie/Header (TokenMiddleware),Downstream (USER_SERVICE_URL),Medium,Org structure creation.,No,No,Yes,"trace_id, x-span-id, request_id",No,Yes,"request_duration, status_code, downstream_latency",Yes,USER_SERVICE_URL,Morgan HTTP logging + Winston file logs + custom x-trace-id/x-span-id headers,No SDK. No OTEL propagation. No structured logging. No domain events. No metrics.,P2,Not Started,
/api/staff/departments,GET,StaffController,getAllDepartments,Authentication & Access,List all departments.,Cookie/Header (TokenMiddleware),Downstream (USER_SERVICE_URL),Low,Read-only listing.,No,No,Yes,"trace_id, x-span-id, request_id",No,Yes,"request_duration, status_code, downstream_latency",Yes,USER_SERVICE_URL,Morgan HTTP logging + Winston file logs + custom x-trace-id/x-span-id headers,No SDK. No OTEL propagation. No structured logging. No domain events. No metrics.,P3,Not Started,
/api/staff/departments/by-code/:code,GET,StaffController,getDepartmentByCoreBankingCode,Authentication & Access,Get department by core banking code.,Cookie/Header (TokenMiddleware),Downstream (USER_SERVICE_URL),Low,Read-only lookup.,No,No,Yes,"trace_id, x-span-id, request_id",No,Yes,"request_duration, status_code, downstream_latency",Yes,USER_SERVICE_URL,Morgan HTTP logging + Winston file logs + custom x-trace-id/x-span-id headers,No SDK. No OTEL propagation. No structured logging. No domain events. No metrics.,P3,Not Started,
/api/staff/departments/:id,GET,StaffController,getDepartmentById,Authentication & Access,Get department by ID.,Cookie/Header (TokenMiddleware),Downstream (USER_SERVICE_URL),Low,Read-only lookup.,No,No,Yes,"trace_id, x-span-id, request_id",No,Yes,"request_duration, status_code, downstream_latency",Yes,USER_SERVICE_URL,Morgan HTTP logging + Winston file logs + custom x-trace-id/x-span-id headers,No SDK. No OTEL propagation. No structured logging. No domain events. No metrics.,P3,Not Started,
/api/staff/departments/:id,PUT,StaffController,updateDepartment,Authentication & Access,Update department.,Cookie/Header (TokenMiddleware),Downstream (USER_SERVICE_URL),Medium,Org structure change.,No,No,Yes,"trace_id, x-span-id, request_id",No,Yes,"request_duration, status_code, downstream_latency",Yes,USER_SERVICE_URL,Morgan HTTP logging + Winston file logs + custom x-trace-id/x-span-id headers,No SDK. No OTEL propagation. No structured logging. No domain events. No metrics.,P2,Not Started,
/api/staff/departments/:id/hierarchy,GET,StaffController,getDepartmentHierarchy,Authentication & Access,Get department hierarchy.,Cookie/Header (TokenMiddleware),Downstream (USER_SERVICE_URL),Low,Organogram view.,No,No,Yes,"trace_id, x-span-id, request_id",No,Yes,"request_duration, status_code, downstream_latency",Yes,USER_SERVICE_URL,Morgan HTTP logging + Winston file logs + custom x-trace-id/x-span-id headers,No SDK. No OTEL propagation. No structured logging. No domain events. No metrics.,P3,Not Started,
/api/staff/departments/:id,DELETE,StaffController,removeDepartment,Authentication & Access,Delete department.,Cookie/Header (TokenMiddleware),Downstream (USER_SERVICE_URL),Medium,Org structure deletion.,No,No,Yes,"trace_id, x-span-id, request_id",No,Yes,"request_duration, status_code, downstream_latency",Yes,USER_SERVICE_URL,Morgan HTTP logging + Winston file logs + custom x-trace-id/x-span-id headers,No SDK. No OTEL propagation. No structured logging. No domain events. No metrics.,P2,Not Started,
/api/staff/units,POST,StaffController,createUnit,Authentication & Access,Create organizational unit.,Cookie/Header (TokenMiddleware),Downstream (USER_SERVICE_URL),Medium,Org structure creation.,No,No,Yes,"trace_id, x-span-id, request_id",No,Yes,"request_duration, status_code, downstream_latency",Yes,USER_SERVICE_URL,Morgan HTTP logging + Winston file logs + custom x-trace-id/x-span-id headers,No SDK. No OTEL propagation. No structured logging. No domain events. No metrics.,P2,Not Started,
/api/staff/units,GET,StaffController,getAllUnits,Authentication & Access,List all org units.,Cookie/Header (TokenMiddleware),Downstream (USER_SERVICE_URL),Low,Read-only listing.,No,No,Yes,"trace_id, x-span-id, request_id",No,Yes,"request_duration, status_code, downstream_latency",Yes,USER_SERVICE_URL,Morgan HTTP logging + Winston file logs + custom x-trace-id/x-span-id headers,No SDK. No OTEL propagation. No structured logging. No domain events. No metrics.,P3,Not Started,
/api/staff/units/by-code/:code,GET,StaffController,getUnitByCoreBankingCode,Authentication & Access,Get unit by core banking code.,Cookie/Header (TokenMiddleware),Downstream (USER_SERVICE_URL),Low,Read-only lookup.,No,No,Yes,"trace_id, x-span-id, request_id",No,Yes,"request_duration, status_code, downstream_latency",Yes,USER_SERVICE_URL,Morgan HTTP logging + Winston file logs + custom x-trace-id/x-span-id headers,No SDK. No OTEL propagation. No structured logging. No domain events. No metrics.,P3,Not Started,
/api/staff/units/:id,GET,StaffController,getUnitById,Authentication & Access,Get org unit by ID.,Cookie/Header (TokenMiddleware),Downstream (USER_SERVICE_URL),Low,Read-only lookup.,No,No,Yes,"trace_id, x-span-id, request_id",No,Yes,"request_duration, status_code, downstream_latency",Yes,USER_SERVICE_URL,Morgan HTTP logging + Winston file logs + custom x-trace-id/x-span-id headers,No SDK. No OTEL propagation. No structured logging. No domain events. No metrics.,P3,Not Started,
/api/staff/units/:id,PUT,StaffController,updateUnit,Authentication & Access,Update org unit.,Cookie/Header (TokenMiddleware),Downstream (USER_SERVICE_URL),Medium,Org structure change.,No,No,Yes,"trace_id, x-span-id, request_id",No,Yes,"request_duration, status_code, downstream_latency",Yes,USER_SERVICE_URL,Morgan HTTP logging + Winston file logs + custom x-trace-id/x-span-id headers,No SDK. No OTEL propagation. No structured logging. No domain events. No metrics.,P2,Not Started,
/api/staff/units/:id,DELETE,StaffController,removeUnit,Authentication & Access,Delete org unit.,Cookie/Header (TokenMiddleware),Downstream (USER_SERVICE_URL),Medium,Org structure deletion.,No,No,Yes,"trace_id, x-span-id, request_id",No,Yes,"request_duration, status_code, downstream_latency",Yes,USER_SERVICE_URL,Morgan HTTP logging + Winston file logs + custom x-trace-id/x-span-id headers,No SDK. No OTEL propagation. No structured logging. No domain events. No metrics.,P2,Not Started,
/api/business/identification/:registrationNumber,GET,BusinessController,getCompanyByRegistrationNumber,Profile Management,Get company by registration number.,Cookie/Header (TokenMiddleware),Downstream (PROFILE_SERVICE_URL),Medium,Business identification.,No,No,Yes,"trace_id, x-span-id, request_id",Yes — registration number,Yes,"request_duration, status_code, downstream_latency",Yes,PROFILE_SERVICE_URL,Morgan HTTP logging + Winston file logs + custom x-trace-id/x-span-id headers,No SDK. No OTEL propagation. No structured logging. No domain events. No metrics.,P2,Not Started,
/api/business/all,GET,BusinessController,getAllBusinesses,Profile Management,List all businesses.,Cookie/Header (TokenMiddleware),Downstream (PROFILE_SERVICE_URL),Low,Read-only listing.,No,No,Yes,"trace_id, x-span-id, request_id",No,Yes,"request_duration, status_code, downstream_latency",Yes,PROFILE_SERVICE_URL,Morgan HTTP logging + Winston file logs + custom x-trace-id/x-span-id headers,No SDK. No OTEL propagation. No structured logging. No domain events. No metrics.,P3,Not Started,
/api/business/representative,GET,BusinessController,getCompanyRepresentative,Profile Management,Get company representative.,Cookie/Header (TokenMiddleware),Downstream (PROFILE_SERVICE_URL),Medium,Business representative lookup.,No,No,Yes,"trace_id, x-span-id, request_id",Yes — representative data,Yes,"request_duration, status_code, downstream_latency",Yes,PROFILE_SERVICE_URL,Morgan HTTP logging + Winston file logs + custom x-trace-id/x-span-id headers,No SDK. No OTEL propagation. No structured logging. No domain events. No metrics.,P2,Not Started,
/api/business/users/list,GET,BusinessController,getBusinessUsers,Authentication & Access,Get business users.,Cookie/Header (TokenMiddleware),Downstream (USER_SERVICE_URL),Low,Read-only user list.,No,No,Yes,"trace_id, x-span-id, request_id",No,Yes,"request_duration, status_code, downstream_latency",Yes,USER_SERVICE_URL,Morgan HTTP logging + Winston file logs + custom x-trace-id/x-span-id headers,No SDK. No OTEL propagation. No structured logging. No domain events. No metrics.,P3,Not Started,Downstream: USER_SERVICE_URL (not PROFILE_SERVICE_URL)
/api/business/:id,GET,BusinessController,findOneBusiness,Profile Management,Get business by ID.,Cookie/Header (TokenMiddleware),Downstream (PROFILE_SERVICE_URL),Low,Read-only lookup.,No,No,Yes,"trace_id, x-span-id, request_id",Yes — business data,Yes,"request_duration, status_code, downstream_latency",Yes,PROFILE_SERVICE_URL,Morgan HTTP logging + Winston file logs + custom x-trace-id/x-span-id headers,No SDK. No OTEL propagation. No structured logging. No domain events. No metrics.,P3,Not Started,
/api/business/batch,POST,BusinessController,getBusinessesByIds,Profile Management,Get businesses by IDs.,Cookie/Header (TokenMiddleware),Downstream (PROFILE_SERVICE_URL),Low,Batch lookup.,No,No,Yes,"trace_id, x-span-id, request_id",No,Yes,"request_duration, status_code, downstream_latency",Yes,PROFILE_SERVICE_URL,Morgan HTTP logging + Winston file logs + custom x-trace-id/x-span-id headers,No SDK. No OTEL propagation. No structured logging. No domain events. No metrics.,P3,Not Started,
/api/business/create-business-document,POST,BusinessController,createBusinessDocument,Profile Management,Create business document.,Cookie/Header (TokenMiddleware),Downstream (PROFILE_SERVICE_URL),Medium,Document management.,No,No,Yes,"trace_id, x-span-id, request_id",No,Yes,"request_duration, status_code, downstream_latency",Yes,PROFILE_SERVICE_URL,Morgan HTTP logging + Winston file logs + custom x-trace-id/x-span-id headers,No SDK. No OTEL propagation. No structured logging. No domain events. No metrics.,P2,Not Started,File upload: files
/api/business/business-documents/all,GET,BusinessController,findAllBusinessDocuments,Profile Management,List all business documents.,Cookie/Header (TokenMiddleware),Downstream (PROFILE_SERVICE_URL),Low,Read-only listing.,No,No,Yes,"trace_id, x-span-id, request_id",No,Yes,"request_duration, status_code, downstream_latency",Yes,PROFILE_SERVICE_URL,Morgan HTTP logging + Winston file logs + custom x-trace-id/x-span-id headers,No SDK. No OTEL propagation. No structured logging. No domain events. No metrics.,P3,Not Started,
/api/business/business-documents/:id,GET,BusinessController,findBusinessDocumentById,Profile Management,Get business document by ID.,Cookie/Header (TokenMiddleware),Downstream (PROFILE_SERVICE_URL),Low,Read-only document.,No,No,Yes,"trace_id, x-span-id, request_id",No,Yes,"request_duration, status_code, downstream_latency",Yes,PROFILE_SERVICE_URL,Morgan HTTP logging + Winston file logs + custom x-trace-id/x-span-id headers,No SDK. No OTEL propagation. No structured logging. No domain events. No metrics.,P3,Not Started,
/api/business/business-documents,PATCH,BusinessController,updateBusinessDocuments,Profile Management,Update business documents.,Cookie/Header (TokenMiddleware),Downstream (PROFILE_SERVICE_URL),Medium,Document update.,No,No,Yes,"trace_id, x-span-id, request_id",No,Yes,"request_duration, status_code, downstream_latency",Yes,PROFILE_SERVICE_URL,Morgan HTTP logging + Winston file logs + custom x-trace-id/x-span-id headers,No SDK. No OTEL propagation. No structured logging. No domain events. No metrics.,P2,Not Started,File upload: files
/api/business/business-documents,DELETE,BusinessController,deleteBusinessDocument,Profile Management,Delete business document.,Cookie/Header (TokenMiddleware),Downstream (PROFILE_SERVICE_URL),Medium,Document deletion.,No,No,Yes,"trace_id, x-span-id, request_id",No,Yes,"request_duration, status_code, downstream_latency",Yes,PROFILE_SERVICE_URL,Morgan HTTP logging + Winston file logs + custom x-trace-id/x-span-id headers,No SDK. No OTEL propagation. No structured logging. No domain events. No metrics.,P2,Not Started,
/api/internal/business-documents/check,POST,InternalBusinessDocumentsController,check,Profile Management,Internal document check.,Cookie/Header (TokenMiddleware),Downstream (PROFILE_SERVICE_URL),Medium,Internal job endpoint.,No,No,Yes,"trace_id, x-span-id, request_id",No,Yes,"request_duration, status_code, downstream_latency",Yes,PROFILE_SERVICE_URL,Morgan HTTP logging + Winston file logs + custom x-trace-id/x-span-id headers,No SDK. No OTEL propagation. No structured logging. No domain events. No metrics.,P2,Not Started,Protected by x-internal-key header (validated downstream)
/api/business-flags/definitions,POST,BusinessFlagsController,createDefinition,Profile Management,Create flag definition.,Cookie/Header (TokenMiddleware),Downstream (PROFILE_SERVICE_URL),High,Business flag creation.,No,Yes,Yes,"trace_id, x-span-id, request_id",No,Yes,"request_duration, status_code, downstream_latency",Yes,PROFILE_SERVICE_URL,Morgan HTTP logging + Winston file logs + custom x-trace-id/x-span-id headers,No SDK. No OTEL propagation. No structured logging. No domain events. No metrics.,P1,Not Started,
/api/business-flags/definitions,GET,BusinessFlagsController,listDefinitions,Profile Management,List flag definitions.,Cookie/Header (TokenMiddleware),Downstream (PROFILE_SERVICE_URL),Low,Read-only listing.,No,No,Yes,"trace_id, x-span-id, request_id",No,Yes,"request_duration, status_code, downstream_latency",Yes,PROFILE_SERVICE_URL,Morgan HTTP logging + Winston file logs + custom x-trace-id/x-span-id headers,No SDK. No OTEL propagation. No structured logging. No domain events. No metrics.,P3,Not Started,
/api/business-flags/definitions/:id,PATCH,BusinessFlagsController,updateDefinition,Profile Management,Update flag definition.,Cookie/Header (TokenMiddleware),Downstream (PROFILE_SERVICE_URL),High,Business flag update.,No,Yes,Yes,"trace_id, x-span-id, request_id",No,Yes,"request_duration, status_code, downstream_latency",Yes,PROFILE_SERVICE_URL,Morgan HTTP logging + Winston file logs + custom x-trace-id/x-span-id headers,No SDK. No OTEL propagation. No structured logging. No domain events. No metrics.,P1,Not Started,
/api/business-flags/businesses/:businessId/history,POST,BusinessFlagsController,getBusinessFlagHistory,Profile Management,Get business flag history.,Cookie/Header (TokenMiddleware),Downstream (PROFILE_SERVICE_URL),Medium,Flag audit trail.,No,No,Yes,"trace_id, x-span-id, request_id",No,Yes,"request_duration, status_code, downstream_latency",Yes,PROFILE_SERVICE_URL,Morgan HTTP logging + Winston file logs + custom x-trace-id/x-span-id headers,No SDK. No OTEL propagation. No structured logging. No domain events. No metrics.,P2,Not Started,
/api/business-flags/businesses/:businessId,POST,BusinessFlagsController,setBusinessFlag,Profile Management,Set business flag.,Cookie/Header (TokenMiddleware),Downstream (PROFILE_SERVICE_URL),High,Business flag assignment.,No,Yes,Yes,"trace_id, x-span-id, request_id",No,Yes,"request_duration, status_code, downstream_latency",Yes,PROFILE_SERVICE_URL,Morgan HTTP logging + Winston file logs + custom x-trace-id/x-span-id headers,No SDK. No OTEL propagation. No structured logging. No domain events. No metrics.,P1,Not Started,
/api/flags/definitions,POST,FlagsController,createDefinition,Authentication & Access,Create user flag definition.,Cookie/Header (TokenMiddleware),Downstream (USER_SERVICE_URL),High,User flag creation.,No,Yes,Yes,"trace_id, x-span-id, request_id",No,Yes,"request_duration, status_code, downstream_latency",Yes,USER_SERVICE_URL,Morgan HTTP logging + Winston file logs + custom x-trace-id/x-span-id headers,No SDK. No OTEL propagation. No structured logging. No domain events. No metrics.,P1,Not Started,
/api/flags/definitions,GET,FlagsController,listDefinitions,Authentication & Access,List user flag definitions.,Cookie/Header (TokenMiddleware),Downstream (USER_SERVICE_URL),Low,Read-only listing.,No,No,Yes,"trace_id, x-span-id, request_id",No,Yes,"request_duration, status_code, downstream_latency",Yes,USER_SERVICE_URL,Morgan HTTP logging + Winston file logs + custom x-trace-id/x-span-id headers,No SDK. No OTEL propagation. No structured logging. No domain events. No metrics.,P3,Not Started,
/api/flags/definitions/:id,PATCH,FlagsController,updateDefinition,Authentication & Access,Update user flag definition.,Cookie/Header (TokenMiddleware),Downstream (USER_SERVICE_URL),High,User flag update.,No,Yes,Yes,"trace_id, x-span-id, request_id",No,Yes,"request_duration, status_code, downstream_latency",Yes,USER_SERVICE_URL,Morgan HTTP logging + Winston file logs + custom x-trace-id/x-span-id headers,No SDK. No OTEL propagation. No structured logging. No domain events. No metrics.,P1,Not Started,
/api/flags/users/:userId/history,POST,FlagsController,getUserFlagHistory,Authentication & Access,Get user flag history.,Cookie/Header (TokenMiddleware),Downstream (USER_SERVICE_URL),Medium,Flag audit trail.,No,No,Yes,"trace_id, x-span-id, request_id",No,Yes,"request_duration, status_code, downstream_latency",Yes,USER_SERVICE_URL,Morgan HTTP logging + Winston file logs + custom x-trace-id/x-span-id headers,No SDK. No OTEL propagation. No structured logging. No domain events. No metrics.,P2,Not Started,
/api/flags/users/:userId,POST,FlagsController,setUserFlag,Authentication & Access,Set user flag.,Cookie/Header (TokenMiddleware),Downstream (USER_SERVICE_URL),High,User flag assignment.,No,Yes,Yes,"trace_id, x-span-id, request_id",No,Yes,"request_duration, status_code, downstream_latency",Yes,USER_SERVICE_URL,Morgan HTTP logging + Winston file logs + custom x-trace-id/x-span-id headers,No SDK. No OTEL propagation. No structured logging. No domain events. No metrics.,P1,Not Started,
/api/role-access/:id/create,POST,RoleAccessController,create,Access Management,Create role access.,Cookie/Header (TokenMiddleware),Downstream (ACCESS_MANAGEMENT_SERVICE_URL),High,Role access creation.,No,Yes,Yes,"trace_id, x-span-id, request_id",No,Yes,"request_duration, status_code, downstream_latency",Yes,ACCESS_MANAGEMENT_SERVICE_URL,Morgan HTTP logging + Winston file logs + custom x-trace-id/x-span-id headers,No SDK. No OTEL propagation. No structured logging. No domain events. No metrics.,P1,Not Started,
/api/role-access,POST,RoleAccessController,getRoleAcceses,Access Management,Get role accesses.,Cookie/Header (TokenMiddleware),Downstream (ACCESS_MANAGEMENT_SERVICE_URL),Low,Read-only listing.,No,No,Yes,"trace_id, x-span-id, request_id",No,Yes,"request_duration, status_code, downstream_latency",Yes,ACCESS_MANAGEMENT_SERVICE_URL,Morgan HTTP logging + Winston file logs + custom x-trace-id/x-span-id headers,No SDK. No OTEL propagation. No structured logging. No domain events. No metrics.,P3,Not Started,
/api/role-access/all,POST,RoleAccessController,fetchAllRoleAcceses,Access Management,Get all role accesses.,Cookie/Header (TokenMiddleware),Downstream (ACCESS_MANAGEMENT_SERVICE_URL),Low,Read-only listing.,No,No,Yes,"trace_id, x-span-id, request_id",No,Yes,"request_duration, status_code, downstream_latency",Yes,ACCESS_MANAGEMENT_SERVICE_URL,Morgan HTTP logging + Winston file logs + custom x-trace-id/x-span-id headers,No SDK. No OTEL propagation. No structured logging. No domain events. No metrics.,P3,Not Started,
/api/role-access/:roleName/bulk/:projectId/create,POST,RoleAccessController,bulkcreate,Access Management,Bulk create role access.,Cookie/Header (TokenMiddleware),Downstream (ACCESS_MANAGEMENT_SERVICE_URL),High,Bulk RBAC operation.,No,Yes,Yes,"trace_id, x-span-id, request_id",No,Yes,"request_duration, status_code, downstream_latency",Yes,ACCESS_MANAGEMENT_SERVICE_URL,Morgan HTTP logging + Winston file logs + custom x-trace-id/x-span-id headers,No SDK. No OTEL propagation. No structured logging. No domain events. No metrics.,P1,Not Started,
/api/role-access/:roleAccessId/manage-permission,PATCH,RoleAccessController,managePermission,Access Management,Manage role access permission.,Cookie/Header (TokenMiddleware),Downstream (ACCESS_MANAGEMENT_SERVICE_URL),High,Permission management.,No,Yes,Yes,"trace_id, x-span-id, request_id",No,Yes,"request_duration, status_code, downstream_latency",Yes,ACCESS_MANAGEMENT_SERVICE_URL,Morgan HTTP logging + Winston file logs + custom x-trace-id/x-span-id headers,No SDK. No OTEL propagation. No structured logging. No domain events. No metrics.,P1,Not Started,
/api/application/apply,POST,ApplicationController,createApplication,ECGF Applications,Create loan application.,Cookie/Header (TokenMiddleware),Downstream (APPLICATION_SERVICE_URL),Critical,Core application submission.,No,Yes,Yes,"trace_id, x-span-id, request_id",Yes — financial data,Yes,"request_duration, status_code, downstream_latency",Yes,APPLICATION_SERVICE_URL,Morgan HTTP logging + Winston file logs + custom x-trace-id/x-span-id headers,No SDK. No OTEL propagation. No structured logging. No domain events. No metrics.,P0,Not Started,
/api/application/loans,GET,ApplicationController,getLoans,ECGF Applications,Get loans (temporary).,Cookie/Header (TokenMiddleware),Downstream (APPLICATION_SERVICE_URL),Medium,Loan listing.,No,No,Yes,"trace_id, x-span-id, request_id",Yes — financial data,Yes,"request_duration, status_code, downstream_latency",Yes,APPLICATION_SERVICE_URL,Morgan HTTP logging + Winston file logs + custom x-trace-id/x-span-id headers,No SDK. No OTEL propagation. No structured logging. No domain events. No metrics.,P2,Not Started,"Marked ""temporary solution"" in JSDoc"
/api/application/myApplications,POST,ApplicationController,getPersonalApplications,ECGF Applications,Get personal applications.,Cookie/Header (TokenMiddleware),Downstream (APPLICATION_SERVICE_URL),Medium,Self-service listing.,No,No,Yes,"trace_id, x-span-id, request_id",No,Yes,"request_duration, status_code, downstream_latency",Yes,APPLICATION_SERVICE_URL,Morgan HTTP logging + Winston file logs + custom x-trace-id/x-span-id headers,No SDK. No OTEL propagation. No structured logging. No domain events. No metrics.,P2,Not Started,
/api/application/:applicationId/application-details,GET,ApplicationController,getPersonalApplicationDetail,ECGF Applications,Get personal application detail.,Cookie/Header (TokenMiddleware),Downstream (APPLICATION_SERVICE_URL),Medium,Application detail view.,No,No,Yes,"trace_id, x-span-id, request_id",Yes — financial data,Yes,"request_duration, status_code, downstream_latency",Yes,APPLICATION_SERVICE_URL,Morgan HTTP logging + Winston file logs + custom x-trace-id/x-span-id headers,No SDK. No OTEL propagation. No structured logging. No domain events. No metrics.,P2,Not Started,
/api/application/all,POST,ApplicationController,getAllApplications,ECGF Applications,Get all applications.,Cookie/Header (TokenMiddleware),Downstream (APPLICATION_SERVICE_URL),Medium,Admin listing.,No,No,Yes,"trace_id, x-span-id, request_id",No,Yes,"request_duration, status_code, downstream_latency",Yes,APPLICATION_SERVICE_URL,Morgan HTTP logging + Winston file logs + custom x-trace-id/x-span-id headers,No SDK. No OTEL propagation. No structured logging. No domain events. No metrics.,P2,Not Started,
/api/application/:applicationId/application-details/any,GET,ApplicationController,getApplicationDetail,ECGF Applications,Get any application detail.,Cookie/Header (TokenMiddleware),Downstream (APPLICATION_SERVICE_URL),Medium,Admin application view.,No,No,Yes,"trace_id, x-span-id, request_id",Yes — financial data,Yes,"request_duration, status_code, downstream_latency",Yes,APPLICATION_SERVICE_URL,Morgan HTTP logging + Winston file logs + custom x-trace-id/x-span-id headers,No SDK. No OTEL propagation. No structured logging. No domain events. No metrics.,P2,Not Started,
/api/application/:customerId/apply,POST,ApplicationController,createApplicationFromAgent,ECGF Applications,Create application from agent.,Cookie/Header (TokenMiddleware),Downstream (APPLICATION_SERVICE_URL),Critical,Agent-initiated application.,No,Yes,Yes,"trace_id, x-span-id, request_id",Yes — financial data,Yes,"request_duration, status_code, downstream_latency",Yes,APPLICATION_SERVICE_URL,Morgan HTTP logging + Winston file logs + custom x-trace-id/x-span-id headers,No SDK. No OTEL propagation. No structured logging. No domain events. No metrics.,P0,Not Started,
/api/application/agent/applications,POST,ApplicationController,getApplicationsFromAgent,ECGF Applications,Get agent applications.,Cookie/Header (TokenMiddleware),Downstream (APPLICATION_SERVICE_URL),Medium,Agent listing.,No,No,Yes,"trace_id, x-span-id, request_id",No,Yes,"request_duration, status_code, downstream_latency",Yes,APPLICATION_SERVICE_URL,Morgan HTTP logging + Winston file logs + custom x-trace-id/x-span-id headers,No SDK. No OTEL propagation. No structured logging. No domain events. No metrics.,P2,Not Started,
/api/application/check/membership,POST,ApplicationController,checkMembership,ECGF Applications,Check membership status.,Cookie/Header (TokenMiddleware),Downstream (APPLICATION_SERVICE_URL),Medium,Membership verification.,No,No,Yes,"trace_id, x-span-id, request_id",No,Yes,"request_duration, status_code, downstream_latency",Yes,APPLICATION_SERVICE_URL,Morgan HTTP logging + Winston file logs + custom x-trace-id/x-span-id headers,No SDK. No OTEL propagation. No structured logging. No domain events. No metrics.,P2,Not Started,
/api/application/bank/info,POST,ApplicationController,createBankInfo,ECGF Applications,Create bank info.,Cookie/Header (TokenMiddleware),Downstream (APPLICATION_SERVICE_URL),High,Financial data creation.,No,Yes,Yes,"trace_id, x-span-id, request_id",Yes — bank details,Yes,"request_duration, status_code, downstream_latency",Yes,APPLICATION_SERVICE_URL,Morgan HTTP logging + Winston file logs + custom x-trace-id/x-span-id headers,No SDK. No OTEL propagation. No structured logging. No domain events. No metrics.,P1,Not Started,
/api/application/bank/info/officer,GET,ApplicationController,getBankInfoByUser,ECGF Applications,Get bank info by officer.,Cookie/Header (TokenMiddleware),Downstream (APPLICATION_SERVICE_URL),Medium,Bank info lookup.,No,No,Yes,"trace_id, x-span-id, request_id",Yes — bank details,Yes,"request_duration, status_code, downstream_latency",Yes,APPLICATION_SERVICE_URL,Morgan HTTP logging + Winston file logs + custom x-trace-id/x-span-id headers,No SDK. No OTEL propagation. No structured logging. No domain events. No metrics.,P2,Not Started,
/api/application/bank/info/:id,PUT,ApplicationController,updateBankInfo,ECGF Applications,Update bank info.,Cookie/Header (TokenMiddleware),Downstream (APPLICATION_SERVICE_URL),High,Financial data update.,No,Yes,Yes,"trace_id, x-span-id, request_id",Yes — bank details,Yes,"request_duration, status_code, downstream_latency",Yes,APPLICATION_SERVICE_URL,Morgan HTTP logging + Winston file logs + custom x-trace-id/x-span-id headers,No SDK. No OTEL propagation. No structured logging. No domain events. No metrics.,P1,Not Started,
/api/application/bank/info/fetch,POST,ApplicationController,fetchBankInfo,ECGF Applications,Fetch bank info.,Cookie/Header (TokenMiddleware),Downstream (APPLICATION_SERVICE_URL),Medium,Bank info retrieval.,No,No,Yes,"trace_id, x-span-id, request_id",Yes — bank details,Yes,"request_duration, status_code, downstream_latency",Yes,APPLICATION_SERVICE_URL,Morgan HTTP logging + Winston file logs + custom x-trace-id/x-span-id headers,No SDK. No OTEL propagation. No structured logging. No domain events. No metrics.,P2,Not Started,
/api/application/:applicationId/application-details/agent,GET,ApplicationController,getAgentApplicationDetail,ECGF Applications,Get agent application detail.,Cookie/Header (TokenMiddleware),Downstream (APPLICATION_SERVICE_URL),Medium,Agent view.,No,No,Yes,"trace_id, x-span-id, request_id",Yes — financial data,Yes,"request_duration, status_code, downstream_latency",Yes,APPLICATION_SERVICE_URL,Morgan HTTP logging + Winston file logs + custom x-trace-id/x-span-id headers,No SDK. No OTEL propagation. No structured logging. No domain events. No metrics.,P2,Not Started,
/api/application/counts,GET,ApplicationController,getApplicationCounts,ECGF Applications,Get application counts.,Cookie/Header (TokenMiddleware),Downstream (APPLICATION_SERVICE_URL),Low,Summary statistics.,No,No,Yes,"trace_id, x-span-id, request_id",No,Yes,"request_duration, status_code, downstream_latency",Yes,APPLICATION_SERVICE_URL,Morgan HTTP logging + Winston file logs + custom x-trace-id/x-span-id headers,No SDK. No OTEL propagation. No structured logging. No domain events. No metrics.,P3,Not Started,
/api/application/:applicationId/decrypt-account-balance,GET,ApplicationController,getAccountBalanceDecrypted,ECGF Applications,Decrypt account balance.,Cookie/Header (TokenMiddleware),Downstream (APPLICATION_SERVICE_URL),Critical,Decrypted financial data.,No,Yes,Yes,"trace_id, x-span-id, request_id",Yes — account balance,Yes,"request_duration, status_code, downstream_latency",Yes,APPLICATION_SERVICE_URL,Morgan HTTP logging + Winston file logs + custom x-trace-id/x-span-id headers,No SDK. No OTEL propagation. No structured logging. No domain events. No metrics.,P0,Not Started,Logs to Kafka logging service
/api/application/organizations,POST,ApplicationController,getApplicationsByOrganization,ECGF Applications,Get applications by organization.,Cookie/Header (TokenMiddleware),Downstream (APPLICATION_SERVICE_URL),Medium,Org-scoped listing.,No,No,Yes,"trace_id, x-span-id, request_id",No,Yes,"request_duration, status_code, downstream_latency",Yes,APPLICATION_SERVICE_URL,Morgan HTTP logging + Winston file logs + custom x-trace-id/x-span-id headers,No SDK. No OTEL propagation. No structured logging. No domain events. No metrics.,P2,Not Started,
/api/application/bank/:bankId/info,GET,ApplicationController,getBankInfo,ECGF Applications,Get bank info by bank ID.,Cookie/Header (TokenMiddleware),Downstream (APPLICATION_SERVICE_URL),Medium,Bank info lookup.,No,No,Yes,"trace_id, x-span-id, request_id",Yes — bank details,Yes,"request_duration, status_code, downstream_latency",Yes,APPLICATION_SERVICE_URL,Morgan HTTP logging + Winston file logs + custom x-trace-id/x-span-id headers,No SDK. No OTEL propagation. No structured logging. No domain events. No metrics.,P2,Not Started,
/api/application/status-history,POST,ApplicationController,getStatusHistory,ECGF Applications,Get application status history.,Cookie/Header (TokenMiddleware),Downstream (APPLICATION_SERVICE_URL),Medium,Audit trail view.,No,No,Yes,"trace_id, x-span-id, request_id",No,Yes,"request_duration, status_code, downstream_latency",Yes,APPLICATION_SERVICE_URL,Morgan HTTP logging + Winston file logs + custom x-trace-id/x-span-id headers,No SDK. No OTEL propagation. No structured logging. No domain events. No metrics.,P2,Not Started,
/api/application/:applicationId/file,GET,ApplicationController,getApplicationFile,ECGF Applications,Get application file.,Cookie/Header (TokenMiddleware),Downstream (APPLICATION_SERVICE_URL),Medium,Document retrieval.,No,No,Yes,"trace_id, x-span-id, request_id",No,Yes,"request_duration, status_code, downstream_latency",Yes,APPLICATION_SERVICE_URL,Morgan HTTP logging + Winston file logs + custom x-trace-id/x-span-id headers,No SDK. No OTEL propagation. No structured logging. No domain events. No metrics.,P2,Not Started,
/api/application/:applicationId/financial-modeling-file,POST,ApplicationController,getApplicationFinancialModelingFile,ECGF Applications,Get financial modeling file.,Cookie/Header (TokenMiddleware),Downstream (APPLICATION_SERVICE_URL),Medium,Financial document.,No,No,Yes,"trace_id, x-span-id, request_id",Yes — financial data,Yes,"request_duration, status_code, downstream_latency",Yes,APPLICATION_SERVICE_URL,Morgan HTTP logging + Winston file logs + custom x-trace-id/x-span-id headers,No SDK. No OTEL propagation. No structured logging. No domain events. No metrics.,P2,Not Started,
/api/forms-fields/create-default-field,POST,FormFieldsController,createDefaultFiled,Forms (Kafka RPC),Create default form field.,Cookie/Header (TokenMiddleware),Downstream (APPLICATION_SERVICE (Kafka)),Medium,Form field creation via Kafka.,No,No,Yes,"trace_id, x-span-id, request_id",No,Yes,"request_duration, status_code, downstream_latency",Yes,APPLICATION_SERVICE (Kafka),Morgan HTTP logging + Winston file logs + custom x-trace-id/x-span-id headers,No SDK. No OTEL propagation. No structured logging. No domain events. No metrics.,P2,Not Started,TokenInterceptor
/api/forms-fields/get-one-field,POST,FormFieldsController,getOneField,Forms (Kafka RPC),Get one form field.,Cookie/Header (TokenMiddleware),Downstream (APPLICATION_SERVICE (Kafka)),Low,Read-only via Kafka.,No,No,Yes,"trace_id, x-span-id, request_id",No,Yes,"request_duration, status_code, downstream_latency",Yes,APPLICATION_SERVICE (Kafka),Morgan HTTP logging + Winston file logs + custom x-trace-id/x-span-id headers,No SDK. No OTEL propagation. No structured logging. No domain events. No metrics.,P3,Not Started,TokenInterceptor
/api/forms-fields/generate-form,POST,FormFieldsController,generateForm,Forms (Kafka RPC),Generate form.,Cookie/Header (TokenMiddleware),Downstream (APPLICATION_SERVICE (Kafka)),Medium,Form generation via Kafka.,No,No,Yes,"trace_id, x-span-id, request_id",No,Yes,"request_duration, status_code, downstream_latency",Yes,APPLICATION_SERVICE (Kafka),Morgan HTTP logging + Winston file logs + custom x-trace-id/x-span-id headers,No SDK. No OTEL propagation. No structured logging. No domain events. No metrics.,P2,Not Started,TokenInterceptor
/api/forms/create-group,POST,FormCreationController,createGroups,Forms (Kafka RPC),Create form group.,Cookie/Header (TokenMiddleware),Downstream (APPLICATION_SERVICE (Kafka)),Medium,Form group creation via Kafka.,No,No,Yes,"trace_id, x-span-id, request_id",No,Yes,"request_duration, status_code, downstream_latency",Yes,APPLICATION_SERVICE (Kafka),Morgan HTTP logging + Winston file logs + custom x-trace-id/x-span-id headers,No SDK. No OTEL propagation. No structured logging. No domain events. No metrics.,P2,Not Started,TokenInterceptor
/api/forms/update-group/:id,PUT,FormCreationController,updateGroups,Forms (Kafka RPC),Update form group.,Cookie/Header (TokenMiddleware),Downstream (APPLICATION_SERVICE (Kafka)),Medium,Form group update via Kafka.,No,No,Yes,"trace_id, x-span-id, request_id",No,Yes,"request_duration, status_code, downstream_latency",Yes,APPLICATION_SERVICE (Kafka),Morgan HTTP logging + Winston file logs + custom x-trace-id/x-span-id headers,No SDK. No OTEL propagation. No structured logging. No domain events. No metrics.,P2,Not Started,TokenInterceptor
/api/forms/get-groups,GET,FormCreationController,getGroups,Forms (Kafka RPC),Get form groups.,Cookie/Header (TokenMiddleware),Downstream (APPLICATION_SERVICE (Kafka)),Low,Read-only via Kafka.,No,No,Yes,"trace_id, x-span-id, request_id",No,Yes,"request_duration, status_code, downstream_latency",Yes,APPLICATION_SERVICE (Kafka),Morgan HTTP logging + Winston file logs + custom x-trace-id/x-span-id headers,No SDK. No OTEL propagation. No structured logging. No domain events. No metrics.,P3,Not Started,TokenInterceptor
/api/forms/get-group/:id,GET,FormCreationController,getGroup,Forms (Kafka RPC),Get form group by ID.,Cookie/Header (TokenMiddleware),Downstream (APPLICATION_SERVICE (Kafka)),Low,Read-only via Kafka.,No,No,Yes,"trace_id, x-span-id, request_id",No,Yes,"request_duration, status_code, downstream_latency",Yes,APPLICATION_SERVICE (Kafka),Morgan HTTP logging + Winston file logs + custom x-trace-id/x-span-id headers,No SDK. No OTEL propagation. No structured logging. No domain events. No metrics.,P3,Not Started,TokenInterceptor
/api/forms/get-input-types,GET,FormCreationController,getInputTypes,Forms (Kafka RPC),Get input types.,Cookie/Header (TokenMiddleware),Downstream (APPLICATION_SERVICE (Kafka)),Low,Read-only via Kafka.,No,No,Yes,"trace_id, x-span-id, request_id",No,Yes,"request_duration, status_code, downstream_latency",Yes,APPLICATION_SERVICE (Kafka),Morgan HTTP logging + Winston file logs + custom x-trace-id/x-span-id headers,No SDK. No OTEL propagation. No structured logging. No domain events. No metrics.,P3,Not Started,TokenInterceptor
/api/form-options/create-default-options,POST,FormOptionsController,createDefaultOptions,Forms (Kafka RPC),Create default options.,Cookie/Header (TokenMiddleware),Downstream (APPLICATION_SERVICE (Kafka)),Medium,Options creation via Kafka.,No,No,Yes,"trace_id, x-span-id, request_id",No,Yes,"request_duration, status_code, downstream_latency",Yes,APPLICATION_SERVICE (Kafka),Morgan HTTP logging + Winston file logs + custom x-trace-id/x-span-id headers,No SDK. No OTEL propagation. No structured logging. No domain events. No metrics.,P2,Not Started,TokenInterceptor
/api/form-options/add-options-to-fields,POST,FormOptionsController,addOptionsToFields,Forms (Kafka RPC),Add options to fields.,Cookie/Header (TokenMiddleware),Downstream (APPLICATION_SERVICE (Kafka)),Medium,Options mapping via Kafka.,No,No,Yes,"trace_id, x-span-id, request_id",No,Yes,"request_duration, status_code, downstream_latency",Yes,APPLICATION_SERVICE (Kafka),Morgan HTTP logging + Winston file logs + custom x-trace-id/x-span-id headers,No SDK. No OTEL propagation. No structured logging. No domain events. No metrics.,P2,Not Started,TokenInterceptor
/api/form-options/get-options-by-group,POST,FormOptionsController,getOptionsByGroup,Forms (Kafka RPC),Get options by group.,Cookie/Header (TokenMiddleware),Downstream (APPLICATION_SERVICE (Kafka)),Low,Read-only via Kafka.,No,No,Yes,"trace_id, x-span-id, request_id",No,Yes,"request_duration, status_code, downstream_latency",Yes,APPLICATION_SERVICE (Kafka),Morgan HTTP logging + Winston file logs + custom x-trace-id/x-span-id headers,No SDK. No OTEL propagation. No structured logging. No domain events. No metrics.,P3,Not Started,TokenInterceptor
/api/loan-calculator/kataza,POST,LoanCalculatorController,katazaLoan,Forms (Kafka RPC),Calculate Kataza loan.,Cookie/Header (TokenMiddleware),Downstream (APPLICATION_SERVICE (Kafka)),Medium,Loan calculation via Kafka.,No,No,Yes,"trace_id, x-span-id, request_id",Yes — financial data,Yes,"request_duration, status_code, downstream_latency",Yes,APPLICATION_SERVICE (Kafka),Morgan HTTP logging + Winston file logs + custom x-trace-id/x-span-id headers,No SDK. No OTEL propagation. No structured logging. No domain events. No metrics.,P2,Not Started,TokenInterceptor
/api/guarantee-applications/:id/upload-files,PUT,GuaranteeApplicationController,uploadFiles,Guarantee Applications,Upload guarantee application files.,Cookie/Header (TokenMiddleware),Downstream (APPLICATION_SERVICE_URL),High,Document upload — 50MB limit.,No,Yes,Yes,"trace_id, x-span-id, request_id",No,Yes,"request_duration, status_code, downstream_latency",Yes,APPLICATION_SERVICE_URL,Morgan HTTP logging + Winston file logs + custom x-trace-id/x-span-id headers,No SDK. No OTEL propagation. No structured logging. No domain events. No metrics.,P1,Not Started,FileFieldsInterceptor
/api/guarantee-applications/all,POST,GuaranteeApplicationController,findAll,Guarantee Applications,List all guarantee applications.,Cookie/Header (TokenMiddleware),Downstream (APPLICATION_SERVICE_URL),Medium,Admin listing.,No,No,Yes,"trace_id, x-span-id, request_id",No,Yes,"request_duration, status_code, downstream_latency",Yes,APPLICATION_SERVICE_URL,Morgan HTTP logging + Winston file logs + custom x-trace-id/x-span-id headers,No SDK. No OTEL propagation. No structured logging. No domain events. No metrics.,P2,Not Started,
/api/guarantee-applications/:id,GET,GuaranteeApplicationController,findOne,Guarantee Applications,Get guarantee application by ID.,Cookie/Header (TokenMiddleware),Downstream (APPLICATION_SERVICE_URL),Medium,Application detail.,No,No,Yes,"trace_id, x-span-id, request_id",Yes — financial data,Yes,"request_duration, status_code, downstream_latency",Yes,APPLICATION_SERVICE_URL,Morgan HTTP logging + Winston file logs + custom x-trace-id/x-span-id headers,No SDK. No OTEL propagation. No structured logging. No domain events. No metrics.,P2,Not Started,
/api/guarantee-applications/:id/comments,GET,GuaranteeApplicationController,findApplicationComments,Guarantee Applications,Get application comments.,Cookie/Header (TokenMiddleware),Downstream (APPLICATION_SERVICE_URL),Low,Read-only comments.,No,No,Yes,"trace_id, x-span-id, request_id",No,Yes,"request_duration, status_code, downstream_latency",Yes,APPLICATION_SERVICE_URL,Morgan HTTP logging + Winston file logs + custom x-trace-id/x-span-id headers,No SDK. No OTEL propagation. No structured logging. No domain events. No metrics.,P3,Not Started,
/api/guarantee-applications/comments/:id/reply,POST,GuaranteeApplicationController,commentReply,Guarantee Applications,Reply to application comment.,Cookie/Header (TokenMiddleware),Downstream (APPLICATION_SERVICE_URL),Medium,Comment interaction.,No,No,Yes,"trace_id, x-span-id, request_id",No,Yes,"request_duration, status_code, downstream_latency",Yes,APPLICATION_SERVICE_URL,Morgan HTTP logging + Winston file logs + custom x-trace-id/x-span-id headers,No SDK. No OTEL propagation. No structured logging. No domain events. No metrics.,P2,Not Started,
/api/guarantee-applications/status/resolve/:id,GET,GuaranteeApplicationController,resolveStatus,Guarantee Applications,Resolve application status.,Cookie/Header (TokenMiddleware),Downstream (APPLICATION_SERVICE_URL),High,Status resolution.,No,Yes,Yes,"trace_id, x-span-id, request_id",No,Yes,"request_duration, status_code, downstream_latency",Yes,APPLICATION_SERVICE_URL,Morgan HTTP logging + Winston file logs + custom x-trace-id/x-span-id headers,No SDK. No OTEL propagation. No structured logging. No domain events. No metrics.,P1,Not Started,
/api/guarantee-applications,POST,GuaranteeApplicationController,createApplication,Guarantee Applications,Create PFI onboarding application.,Cookie/Header (TokenMiddleware),Downstream (APPLICATION_SERVICE_URL),Critical,PFI onboarding creation.,No,Yes,Yes,"trace_id, x-span-id, request_id",Yes — PFI data,Yes,"request_duration, status_code, downstream_latency",Yes,APPLICATION_SERVICE_URL,Morgan HTTP logging + Winston file logs + custom x-trace-id/x-span-id headers,No SDK. No OTEL propagation. No structured logging. No domain events. No metrics.,P0,Not Started,
/api/guarantee-applications/submit,POST,GuaranteeApplicationController,submitApplication,Guarantee Applications,Submit guarantee application.,Cookie/Header (TokenMiddleware),Downstream (APPLICATION_SERVICE_URL),Critical,Application submission.,No,Yes,Yes,"trace_id, x-span-id, request_id",No,Yes,"request_duration, status_code, downstream_latency",Yes,APPLICATION_SERVICE_URL,Morgan HTTP logging + Winston file logs + custom x-trace-id/x-span-id headers,No SDK. No OTEL propagation. No structured logging. No domain events. No metrics.,P0,Not Started,
/api/guarantee-applications/our-applications,POST,GuaranteeApplicationController,getInstitutioApplication,Guarantee Applications,Get institution applications.,Cookie/Header (TokenMiddleware),Downstream (APPLICATION_SERVICE_URL),Medium,PFI-scoped listing.,No,No,Yes,"trace_id, x-span-id, request_id",No,Yes,"request_duration, status_code, downstream_latency",Yes,APPLICATION_SERVICE_URL,Morgan HTTP logging + Winston file logs + custom x-trace-id/x-span-id headers,No SDK. No OTEL propagation. No structured logging. No domain events. No metrics.,P2,Not Started,
/api/guarantee-applications/summary,POST,GuaranteeApplicationController,getApplicationStatusSummary,Guarantee Applications,Get application status summary.,Cookie/Header (TokenMiddleware),Downstream (APPLICATION_SERVICE_URL),Low,Summary statistics.,No,No,Yes,"trace_id, x-span-id, request_id",No,Yes,"request_duration, status_code, downstream_latency",Yes,APPLICATION_SERVICE_URL,Morgan HTTP logging + Winston file logs + custom x-trace-id/x-span-id headers,No SDK. No OTEL propagation. No structured logging. No domain events. No metrics.,P3,Not Started,
/api/guarantee/:gfaDocumentId/upload,POST,GuaranteeFrameworkController,uploadGuaranteeFramework,Guarantee Framework,Upload GFA document.,Cookie/Header (TokenMiddleware),Downstream (APPLICATION_SERVICE_URL),Critical,GFA document upload.,No,Yes,Yes,"trace_id, x-span-id, request_id",No,Yes,"request_duration, status_code, downstream_latency",Yes,APPLICATION_SERVICE_URL,Morgan HTTP logging + Winston file logs + custom x-trace-id/x-span-id headers,No SDK. No OTEL propagation. No structured logging. No domain events. No metrics.,P0,Not Started,FileInterceptor
/api/guarantee/:applicationId/guarantee-framework,GET,GuaranteeFrameworkController,viewGuarantee,Guarantee Framework,View guarantee framework.,Cookie/Header (TokenMiddleware),Downstream (APPLICATION_SERVICE_URL),High,GFA document view.,No,Yes,Yes,"trace_id, x-span-id, request_id",No,Yes,"request_duration, status_code, downstream_latency",Yes,APPLICATION_SERVICE_URL,Morgan HTTP logging + Winston file logs + custom x-trace-id/x-span-id headers,No SDK. No OTEL propagation. No structured logging. No domain events. No metrics.,P1,Not Started,
/api/guarantee/:applicationId/letter-of-guarantee,GET,GuaranteeFrameworkController,viewLetterOfGuarantee,Guarantee Framework,View letter of guarantee.,Cookie/Header (TokenMiddleware),Downstream (APPLICATION_SERVICE_URL),High,LoG document view.,No,Yes,Yes,"trace_id, x-span-id, request_id",No,Yes,"request_duration, status_code, downstream_latency",Yes,APPLICATION_SERVICE_URL,Morgan HTTP logging + Winston file logs + custom x-trace-id/x-span-id headers,No SDK. No OTEL propagation. No structured logging. No domain events. No metrics.,P1,Not Started,
/api/guarantee/generate/generate-invoice/:applicationId,GET,GuaranteeFrameworkController,resolveSingleGuaranteeInvoice,Guarantee Framework,Generate single guarantee invoice.,Cookie/Header (TokenMiddleware),Downstream (APPLICATION_SERVICE_URL),Critical,Financial operation — invoice generation.,No,Yes,Yes,"trace_id, x-span-id, request_id",Yes — financial data,Yes,"request_duration, status_code, downstream_latency",Yes,APPLICATION_SERVICE_URL,Morgan HTTP logging + Winston file logs + custom x-trace-id/x-span-id headers,No SDK. No OTEL propagation. No structured logging. No domain events. No metrics.,P0,Not Started,
/api/guarantee-loans/initiate,POST,GuaranteeLoansController,initiateApplication,Guarantee Loans,Initiate loan application.,Cookie/Header (TokenMiddleware),Downstream (APPLICATION_SERVICE_URL),Critical,Loan initiation.,No,Yes,Yes,"trace_id, x-span-id, request_id",Yes — financial data,Yes,"request_duration, status_code, downstream_latency",Yes,APPLICATION_SERVICE_URL,Morgan HTTP logging + Winston file logs + custom x-trace-id/x-span-id headers,No SDK. No OTEL propagation. No structured logging. No domain events. No metrics.,P0,Not Started,ValidationPipe groups
/api/guarantee-loans/:id/documents,POST,GuaranteeLoansController,uploadDocuments,Guarantee Loans,Upload loan documents.,Cookie/Header (TokenMiddleware),Downstream (APPLICATION_SERVICE_URL),High,Document upload — 10MB limit.,No,Yes,Yes,"trace_id, x-span-id, request_id",No,Yes,"request_duration, status_code, downstream_latency",Yes,APPLICATION_SERVICE_URL,Morgan HTTP logging + Winston file logs + custom x-trace-id/x-span-id headers,No SDK. No OTEL propagation. No structured logging. No domain events. No metrics.,P1,Not Started,AnyFilesInterceptor
/api/guarantee-loans/:id/submit,POST,GuaranteeLoansController,submitApplication,Guarantee Loans,Submit loan application.,Cookie/Header (TokenMiddleware),Downstream (APPLICATION_SERVICE_URL),Critical,Loan submission.,No,Yes,Yes,"trace_id, x-span-id, request_id",No,Yes,"request_duration, status_code, downstream_latency",Yes,APPLICATION_SERVICE_URL,Morgan HTTP logging + Winston file logs + custom x-trace-id/x-span-id headers,No SDK. No OTEL propagation. No structured logging. No domain events. No metrics.,P0,Not Started,
/api/guarantee-loans/all,POST,GuaranteeLoansController,getLoanApplications,Guarantee Loans,List all loan applications.,Cookie/Header (TokenMiddleware),Downstream (APPLICATION_SERVICE_URL),Medium,Admin listing.,No,No,Yes,"trace_id, x-span-id, request_id",No,Yes,"request_duration, status_code, downstream_latency",Yes,APPLICATION_SERVICE_URL,Morgan HTTP logging + Winston file logs + custom x-trace-id/x-span-id headers,No SDK. No OTEL propagation. No structured logging. No domain events. No metrics.,P2,Not Started,
/api/guarantee-loans/applicant/all,POST,GuaranteeLoansController,getApplicantLoanApplications,Guarantee Loans,Get applicant loan applications.,Cookie/Header (TokenMiddleware),Downstream (APPLICATION_SERVICE_URL),Medium,Self-service listing.,No,No,Yes,"trace_id, x-span-id, request_id",No,Yes,"request_duration, status_code, downstream_latency",Yes,APPLICATION_SERVICE_URL,Morgan HTTP logging + Winston file logs + custom x-trace-id/x-span-id headers,No SDK. No OTEL propagation. No structured logging. No domain events. No metrics.,P2,Not Started,
/api/guarantee-loans/pfi/all,POST,GuaranteeLoansController,getLoanApplicationsByPfi,Guarantee Loans,Get PFI loan applications.,Cookie/Header (TokenMiddleware),Downstream (APPLICATION_SERVICE_URL),Medium,PFI-scoped listing.,No,No,Yes,"trace_id, x-span-id, request_id",No,Yes,"request_duration, status_code, downstream_latency",Yes,APPLICATION_SERVICE_URL,Morgan HTTP logging + Winston file logs + custom x-trace-id/x-span-id headers,No SDK. No OTEL propagation. No structured logging. No domain events. No metrics.,P2,Not Started,
/api/guarantee-loans/stats,GET,GuaranteeLoansController,getLoanApplicationStats,Guarantee Loans,Get loan application stats.,Cookie/Header (TokenMiddleware),Downstream (APPLICATION_SERVICE_URL),Low,Summary statistics.,No,No,Yes,"trace_id, x-span-id, request_id",No,Yes,"request_duration, status_code, downstream_latency",Yes,APPLICATION_SERVICE_URL,Morgan HTTP logging + Winston file logs + custom x-trace-id/x-span-id headers,No SDK. No OTEL propagation. No structured logging. No domain events. No metrics.,P3,Not Started,
/api/guarantee-loans/:applicationId,GET,GuaranteeLoansController,getLoanApplication,Guarantee Loans,Get loan application by ID.,Cookie/Header (TokenMiddleware),Downstream (APPLICATION_SERVICE_URL),Medium,Application detail.,No,No,Yes,"trace_id, x-span-id, request_id",Yes — financial data,Yes,"request_duration, status_code, downstream_latency",Yes,APPLICATION_SERVICE_URL,Morgan HTTP logging + Winston file logs + custom x-trace-id/x-span-id headers,No SDK. No OTEL propagation. No structured logging. No domain events. No metrics.,P2,Not Started,
/api/loan-applications/:id/upload-files,PUT,LoanApplicationController,uploadFiles,Loan Applications,Upload loan application files.,Cookie/Header (TokenMiddleware),Downstream (APPLICATION_SERVICE_URL),High,Document upload — 10MB limit.,No,Yes,Yes,"trace_id, x-span-id, request_id",No,Yes,"request_duration, status_code, downstream_latency",Yes,APPLICATION_SERVICE_URL,Morgan HTTP logging + Winston file logs + custom x-trace-id/x-span-id headers,No SDK. No OTEL propagation. No structured logging. No domain events. No metrics.,P1,Not Started,FileFieldsInterceptor
/api/loan-applications/all,POST,LoanApplicationController,findAll,Loan Applications,List all loan applications.,Cookie/Header (TokenMiddleware),Downstream (APPLICATION_SERVICE_URL),Medium,Admin listing.,No,No,Yes,"trace_id, x-span-id, request_id",No,Yes,"request_duration, status_code, downstream_latency",Yes,APPLICATION_SERVICE_URL,Morgan HTTP logging + Winston file logs + custom x-trace-id/x-span-id headers,No SDK. No OTEL propagation. No structured logging. No domain events. No metrics.,P2,Not Started,
/api/loan-applications/pfi-list,GET,LoanApplicationController,getPfiList,Loan Applications,Get PFI list.,Cookie/Header (TokenMiddleware),Downstream (APPLICATION_SERVICE_URL),Low,Read-only listing.,No,No,Yes,"trace_id, x-span-id, request_id",No,Yes,"request_duration, status_code, downstream_latency",Yes,APPLICATION_SERVICE_URL,Morgan HTTP logging + Winston file logs + custom x-trace-id/x-span-id headers,No SDK. No OTEL propagation. No structured logging. No domain events. No metrics.,P3,Not Started,
/api/loan-applications/config,GET,LoanApplicationController,getConfig,Loan Applications,Get loan config.,Cookie/Header (TokenMiddleware),Downstream (APPLICATION_SERVICE_URL),Low,Configuration lookup.,No,No,Yes,"trace_id, x-span-id, request_id",No,Yes,"request_duration, status_code, downstream_latency",Yes,APPLICATION_SERVICE_URL,Morgan HTTP logging + Winston file logs + custom x-trace-id/x-span-id headers,No SDK. No OTEL propagation. No structured logging. No domain events. No metrics.,P3,Not Started,
/api/loan-applications/:id/review,POST,LoanApplicationController,reviewApplication,Loan Applications,Review loan application.,Cookie/Header (TokenMiddleware),Downstream (APPLICATION_SERVICE_URL),Critical,PFI review — approve/reject.,No,Yes,Yes,"trace_id, x-span-id, request_id",No,Yes,"request_duration, status_code, downstream_latency",Yes,APPLICATION_SERVICE_URL,Morgan HTTP logging + Winston file logs + custom x-trace-id/x-span-id headers,No SDK. No OTEL propagation. No structured logging. No domain events. No metrics.,P0,Not Started,
/api/loan-applications/:id,GET,LoanApplicationController,findOne,Loan Applications,Get loan application by ID.,Cookie/Header (TokenMiddleware),Downstream (APPLICATION_SERVICE_URL),Medium,Application detail.,No,No,Yes,"trace_id, x-span-id, request_id",Yes — financial data,Yes,"request_duration, status_code, downstream_latency",Yes,APPLICATION_SERVICE_URL,Morgan HTTP logging + Winston file logs + custom x-trace-id/x-span-id headers,No SDK. No OTEL propagation. No structured logging. No domain events. No metrics.,P2,Not Started,
/api/loan-applications,POST,LoanApplicationController,createApplication,Loan Applications,Create loan application.,Cookie/Header (TokenMiddleware),Downstream (APPLICATION_SERVICE_URL),Critical,Loan creation.,No,Yes,Yes,"trace_id, x-span-id, request_id",Yes — financial data,Yes,"request_duration, status_code, downstream_latency",Yes,APPLICATION_SERVICE_URL,Morgan HTTP logging + Winston file logs + custom x-trace-id/x-span-id headers,No SDK. No OTEL propagation. No structured logging. No domain events. No metrics.,P0,Not Started,
/api/loan-applications/submit,POST,LoanApplicationController,submitApplication,Loan Applications,Submit loan application.,Cookie/Header (TokenMiddleware),Downstream (APPLICATION_SERVICE_URL),Critical,Loan submission.,No,Yes,Yes,"trace_id, x-span-id, request_id",No,Yes,"request_duration, status_code, downstream_latency",Yes,APPLICATION_SERVICE_URL,Morgan HTTP logging + Winston file logs + custom x-trace-id/x-span-id headers,No SDK. No OTEL propagation. No structured logging. No domain events. No metrics.,P0,Not Started,
/api/loan-applications/:id/rfi-response,PUT,LoanApplicationController,submitRfiResponse,Loan Applications,Submit RFI response.,Cookie/Header (TokenMiddleware),Downstream (APPLICATION_SERVICE_URL),High,Borrower response — 10MB limit.,No,Yes,Yes,"trace_id, x-span-id, request_id",No,Yes,"request_duration, status_code, downstream_latency",Yes,APPLICATION_SERVICE_URL,Morgan HTTP logging + Winston file logs + custom x-trace-id/x-span-id headers,No SDK. No OTEL propagation. No structured logging. No domain events. No metrics.,P1,Not Started,AnyFilesInterceptor
/api/claims/log-references,GET,ClaimsController,getAllLogReferences,Claims,Get all log references.,Cookie/Header (TokenMiddleware),Downstream (APPLICATION_SERVICE_URL),Medium,Log reference listing.,No,No,Yes,"trace_id, x-span-id, request_id",No,Yes,"request_duration, status_code, downstream_latency",Yes,APPLICATION_SERVICE_URL,Morgan HTTP logging + Winston file logs + custom x-trace-id/x-span-id headers,No SDK. No OTEL propagation. No structured logging. No domain events. No metrics.,P2,Not Started,
/api/claims/logs-in-default,GET,ClaimsController,getLogsInDefault,Claims,Get logs in default (90-455 days).,Cookie/Header (TokenMiddleware),Downstream (APPLICATION_SERVICE_URL),Medium,Default status logs.,No,No,Yes,"trace_id, x-span-id, request_id",Yes — financial data,Yes,"request_duration, status_code, downstream_latency",Yes,APPLICATION_SERVICE_URL,Morgan HTTP logging + Winston file logs + custom x-trace-id/x-span-id headers,No SDK. No OTEL propagation. No structured logging. No domain events. No metrics.,P2,Not Started,
/api/claims/validate-log,POST,ClaimsController,validateLog,Claims,Validate claim log.,Cookie/Header (TokenMiddleware),Downstream (APPLICATION_SERVICE_URL),High,Log validation.,No,Yes,Yes,"trace_id, x-span-id, request_id",No,Yes,"request_duration, status_code, downstream_latency",Yes,APPLICATION_SERVICE_URL,Morgan HTTP logging + Winston file logs + custom x-trace-id/x-span-id headers,No SDK. No OTEL propagation. No structured logging. No domain events. No metrics.,P1,Not Started,
/api/claims,GET,ClaimsController,getClaims,Claims,Get claims (filtered).,Cookie/Header (TokenMiddleware),Downstream (APPLICATION_SERVICE_URL),Medium,Claim listing.,No,No,Yes,"trace_id, x-span-id, request_id",No,Yes,"request_duration, status_code, downstream_latency",Yes,APPLICATION_SERVICE_URL,Morgan HTTP logging + Winston file logs + custom x-trace-id/x-span-id headers,No SDK. No OTEL propagation. No structured logging. No domain events. No metrics.,P2,Not Started,
/api/claims/all,POST,ClaimsController,getAllClaims,Claims,Get all claims.,Cookie/Header (TokenMiddleware),Downstream (APPLICATION_SERVICE_URL),Medium,Admin listing — no role restriction.,No,No,Yes,"trace_id, x-span-id, request_id",No,Yes,"request_duration, status_code, downstream_latency",Yes,APPLICATION_SERVICE_URL,Morgan HTTP logging + Winston file logs + custom x-trace-id/x-span-id headers,No SDK. No OTEL propagation. No structured logging. No domain events. No metrics.,P2,Not Started,No role restriction
/api/claims,POST,ClaimsController,submitClaim,Claims,Submit claim.,Cookie/Header (TokenMiddleware),Downstream (APPLICATION_SERVICE_URL),Critical,Claim submission — 11 file fields.,No,Yes,Yes,"trace_id, x-span-id, request_id",Yes — financial data,Yes,"request_duration, status_code, downstream_latency",Yes,APPLICATION_SERVICE_URL,Morgan HTTP logging + Winston file logs + custom x-trace-id/x-span-id headers,No SDK. No OTEL propagation. No structured logging. No domain events. No metrics.,P0,Not Started,FileFieldsInterceptor (11 named fields)
/api/claims/:claimReferenceId,PUT,ClaimsController,updateClaim,Claims,Update claim.,Cookie/Header (TokenMiddleware),Downstream (APPLICATION_SERVICE_URL),Critical,Claim update — 11 file fields.,No,Yes,Yes,"trace_id, x-span-id, request_id",Yes — financial data,Yes,"request_duration, status_code, downstream_latency",Yes,APPLICATION_SERVICE_URL,Morgan HTTP logging + Winston file logs + custom x-trace-id/x-span-id headers,No SDK. No OTEL propagation. No structured logging. No domain events. No metrics.,P0,Not Started,FileFieldsInterceptor (11 named fields)
/api/claims/:claimReferenceId/status,PUT,ClaimsController,updateClaimStatus,Claims,Update claim status.,Cookie/Header (TokenMiddleware),Downstream (APPLICATION_SERVICE_URL),High,Claim revoke/cancel.,No,Yes,Yes,"trace_id, x-span-id, request_id",No,Yes,"request_duration, status_code, downstream_latency",Yes,APPLICATION_SERVICE_URL,Morgan HTTP logging + Winston file logs + custom x-trace-id/x-span-id headers,No SDK. No OTEL propagation. No structured logging. No domain events. No metrics.,P1,Not Started,
/api/claims/:claimReferenceId/workflow,GET,ClaimsController,getClaimWorkflow,Claims,Get claim workflow.,Cookie/Header (TokenMiddleware),Downstream (APPLICATION_SERVICE_URL),Medium,Workflow view.,No,No,Yes,"trace_id, x-span-id, request_id",No,Yes,"request_duration, status_code, downstream_latency",Yes,APPLICATION_SERVICE_URL,Morgan HTTP logging + Winston file logs + custom x-trace-id/x-span-id headers,No SDK. No OTEL propagation. No structured logging. No domain events. No metrics.,P2,Not Started,
/api/claims/:claimReferenceId,GET,ClaimsController,getClaimByReference,Claims,Get claim by reference.,Cookie/Header (TokenMiddleware),Downstream (APPLICATION_SERVICE_URL),Medium,Claim detail.,No,No,Yes,"trace_id, x-span-id, request_id",Yes — financial data,Yes,"request_duration, status_code, downstream_latency",Yes,APPLICATION_SERVICE_URL,Morgan HTTP logging + Winston file logs + custom x-trace-id/x-span-id headers,No SDK. No OTEL propagation. No structured logging. No domain events. No metrics.,P2,Not Started,
/api/claims/:claimReferenceId/public,GET,ClaimsController,getClaimByReferencePublic,Claims,Get claim (public access).,Cookie/Header (TokenMiddleware),Downstream (APPLICATION_SERVICE_URL),Medium,Public claim view.,No,No,Yes,"trace_id, x-span-id, request_id",Yes — financial data,Yes,"request_duration, status_code, downstream_latency",Yes,APPLICATION_SERVICE_URL,Morgan HTTP logging + Winston file logs + custom x-trace-id/x-span-id headers,No SDK. No OTEL propagation. No structured logging. No domain events. No metrics.,P2,Not Started,No ownership filtering
/api/restructuring/guarantees,GET,RestructuringController,getActiveGuarantees,Restructuring,Get active guarantees.,Cookie/Header (TokenMiddleware),Downstream (APPLICATION_SERVICE_URL),Medium,Guarantee listing.,No,No,Yes,"trace_id, x-span-id, request_id",No,Yes,"request_duration, status_code, downstream_latency",Yes,APPLICATION_SERVICE_URL,Morgan HTTP logging + Winston file logs + custom x-trace-id/x-span-id headers,No SDK. No OTEL propagation. No structured logging. No domain events. No metrics.,P2,Not Started,
/api/restructuring/forms/:logReference,GET,RestructuringController,getForm,Restructuring,Get restructuring form.,Cookie/Header (TokenMiddleware),Downstream (APPLICATION_SERVICE_URL),Medium,Form retrieval.,No,No,Yes,"trace_id, x-span-id, request_id",No,Yes,"request_duration, status_code, downstream_latency",Yes,APPLICATION_SERVICE_URL,Morgan HTTP logging + Winston file logs + custom x-trace-id/x-span-id headers,No SDK. No OTEL propagation. No structured logging. No domain events. No metrics.,P2,Not Started,
/api/restructuring/:logReference,POST,RestructuringController,submitRestructuring,Restructuring,Submit restructuring.,Cookie/Header (TokenMiddleware),Downstream (APPLICATION_SERVICE_URL),Critical,Financial restructuring submission.,No,Yes,Yes,"trace_id, x-span-id, request_id",Yes — financial data,Yes,"request_duration, status_code, downstream_latency",Yes,APPLICATION_SERVICE_URL,Morgan HTTP logging + Winston file logs + custom x-trace-id/x-span-id headers,No SDK. No OTEL propagation. No structured logging. No domain events. No metrics.,P0,Not Started,FileFieldsInterceptor (supportingDocuments)
/api/restructuring,GET,RestructuringController,getRestructurings,Restructuring,Get restructurings.,Cookie/Header (TokenMiddleware),Downstream (APPLICATION_SERVICE_URL),Medium,Admin listing.,No,No,Yes,"trace_id, x-span-id, request_id",No,Yes,"request_duration, status_code, downstream_latency",Yes,APPLICATION_SERVICE_URL,Morgan HTTP logging + Winston file logs + custom x-trace-id/x-span-id headers,No SDK. No OTEL propagation. No structured logging. No domain events. No metrics.,P2,Not Started,
/api/restructuring/detail/:referenceId,GET,RestructuringController,getRestructuringDetail,Restructuring,Get restructuring detail.,Cookie/Header (TokenMiddleware),Downstream (APPLICATION_SERVICE_URL),Medium,Detail view.,No,No,Yes,"trace_id, x-span-id, request_id",Yes — financial data,Yes,"request_duration, status_code, downstream_latency",Yes,APPLICATION_SERVICE_URL,Morgan HTTP logging + Winston file logs + custom x-trace-id/x-span-id headers,No SDK. No OTEL propagation. No structured logging. No domain events. No metrics.,P2,Not Started,
/api/individual-reports/check-eligibility,GET,IndividualReportsController,checkEligibility,Individual Reports,Check report eligibility.,Cookie/Header (TokenMiddleware),Downstream (APPLICATION_SERVICE_URL),Medium,Eligibility check.,No,No,Yes,"trace_id, x-span-id, request_id",No,Yes,"request_duration, status_code, downstream_latency",Yes,APPLICATION_SERVICE_URL,Morgan HTTP logging + Winston file logs + custom x-trace-id/x-span-id headers,No SDK. No OTEL propagation. No structured logging. No domain events. No metrics.,P2,Not Started,
/api/individual-reports/template,GET,IndividualReportsController,downloadTemplate,Individual Reports,Download report template.,Cookie/Header (TokenMiddleware),Downstream (APPLICATION_SERVICE_URL),Low,Template download (.xlsx).,No,No,Yes,"trace_id, x-span-id, request_id",No,Yes,"request_duration, status_code, downstream_latency",Yes,APPLICATION_SERVICE_URL,Morgan HTTP logging + Winston file logs + custom x-trace-id/x-span-id headers,No SDK. No OTEL propagation. No structured logging. No domain events. No metrics.,P3,Not Started,
/api/individual-reports/validate,POST,IndividualReportsController,validateReport,Individual Reports,Validate report.,Cookie/Header (TokenMiddleware),Downstream (APPLICATION_SERVICE_URL),High,Report validation — 10MB limit.,No,Yes,Yes,"trace_id, x-span-id, request_id",No,Yes,"request_duration, status_code, downstream_latency",Yes,APPLICATION_SERVICE_URL,Morgan HTTP logging + Winston file logs + custom x-trace-id/x-span-id headers,No SDK. No OTEL propagation. No structured logging. No domain events. No metrics.,P1,Not Started,FileInterceptor
/api/individual-reports/submit,POST,IndividualReportsController,submitReport,Individual Reports,Submit individual report.,Cookie/Header (TokenMiddleware),Downstream (APPLICATION_SERVICE_URL),Critical,Report submission — 10MB limit.,No,Yes,Yes,"trace_id, x-span-id, request_id",Yes — financial data,Yes,"request_duration, status_code, downstream_latency",Yes,APPLICATION_SERVICE_URL,Morgan HTTP logging + Winston file logs + custom x-trace-id/x-span-id headers,No SDK. No OTEL propagation. No structured logging. No domain events. No metrics.,P0,Not Started,FileInterceptor
/api/individual-reports/submit-consolidated,POST,IndividualReportsController,submitConsolidatedReport,Individual Reports,Submit consolidated report.,Cookie/Header (TokenMiddleware),Downstream (APPLICATION_SERVICE_URL),Critical,Consolidated submission — 10MB limit.,No,Yes,Yes,"trace_id, x-span-id, request_id",Yes — financial data,Yes,"request_duration, status_code, downstream_latency",Yes,APPLICATION_SERVICE_URL,Morgan HTTP logging + Winston file logs + custom x-trace-id/x-span-id headers,No SDK. No OTEL propagation. No structured logging. No domain events. No metrics.,P0,Not Started,FileInterceptor
/api/individual-reports/:reportId,PUT,IndividualReportsController,updateReport,Individual Reports,Update report.,Cookie/Header (TokenMiddleware),Downstream (APPLICATION_SERVICE_URL),High,Report update.,No,Yes,Yes,"trace_id, x-span-id, request_id",No,Yes,"request_duration, status_code, downstream_latency",Yes,APPLICATION_SERVICE_URL,Morgan HTTP logging + Winston file logs + custom x-trace-id/x-span-id headers,No SDK. No OTEL propagation. No structured logging. No domain events. No metrics.,P1,Not Started,FileInterceptor
/api/individual-reports/all,POST,IndividualReportsController,getAllReports,Individual Reports,Get all reports.,Cookie/Header (TokenMiddleware),Downstream (APPLICATION_SERVICE_URL),Medium,Admin listing.,No,No,Yes,"trace_id, x-span-id, request_id",No,Yes,"request_duration, status_code, downstream_latency",Yes,APPLICATION_SERVICE_URL,Morgan HTTP logging + Winston file logs + custom x-trace-id/x-span-id headers,No SDK. No OTEL propagation. No structured logging. No domain events. No metrics.,P2,Not Started,
/api/individual-reports/:id,GET,IndividualReportsController,getReportDetails,Individual Reports,Get report details.,Cookie/Header (TokenMiddleware),Downstream (APPLICATION_SERVICE_URL),Medium,Detail view.,No,No,Yes,"trace_id, x-span-id, request_id",No,Yes,"request_duration, status_code, downstream_latency",Yes,APPLICATION_SERVICE_URL,Morgan HTTP logging + Winston file logs + custom x-trace-id/x-span-id headers,No SDK. No OTEL propagation. No structured logging. No domain events. No metrics.,P2,Not Started,
/api/individual-reports/:id/download,GET,IndividualReportsController,downloadReport,Individual Reports,Download report (.xlsx).,Cookie/Header (TokenMiddleware),Downstream (APPLICATION_SERVICE_URL),Medium,Report download.,No,No,Yes,"trace_id, x-span-id, request_id",No,Yes,"request_duration, status_code, downstream_latency",Yes,APPLICATION_SERVICE_URL,Morgan HTTP logging + Winston file logs + custom x-trace-id/x-span-id headers,No SDK. No OTEL propagation. No structured logging. No domain events. No metrics.,P2,Not Started,
/api/individual-reports/my-reports,POST,IndividualReportsController,getMyReports,Individual Reports,Get my reports.,Cookie/Header (TokenMiddleware),Downstream (APPLICATION_SERVICE_URL),Medium,Self-service listing.,No,No,Yes,"trace_id, x-span-id, request_id",No,Yes,"request_duration, status_code, downstream_latency",Yes,APPLICATION_SERVICE_URL,Morgan HTTP logging + Winston file logs + custom x-trace-id/x-span-id headers,No SDK. No OTEL propagation. No structured logging. No domain events. No metrics.,P2,Not Started,
/api/individual-reports/temp/sample-logs,GET,IndividualReportsController,getSampleLogs,Individual Reports,Get sample logs.,Cookie/Header (TokenMiddleware),Downstream (APPLICATION_SERVICE_URL),Low,Temporary sample data.,No,No,Yes,"trace_id, x-span-id, request_id",No,Yes,"request_duration, status_code, downstream_latency",Yes,APPLICATION_SERVICE_URL,Morgan HTTP logging + Winston file logs + custom x-trace-id/x-span-id headers,No SDK. No OTEL propagation. No structured logging. No domain events. No metrics.,P3,Not Started,Temporary endpoint
/api/simulation/kataza/calculate,POST,SimulationController,calculateCreditScore,Simulation,Calculate Kataza credit score.,Cookie/Header (TokenMiddleware),Downstream (APPLICATION_SERVICE_URL),High,Credit simulation.,No,Yes,Yes,"trace_id, x-span-id, request_id",Yes — financial data,Yes,"request_duration, status_code, downstream_latency",Yes,APPLICATION_SERVICE_URL,Morgan HTTP logging + Winston file logs + custom x-trace-id/x-span-id headers,No SDK. No OTEL propagation. No structured logging. No domain events. No metrics.,P1,Not Started,
/api/simulation/kataza/seeds,GET,SimulationController,getSeedsDictionary,Simulation,Get seeds dictionary.,Cookie/Header (TokenMiddleware),Downstream (APPLICATION_SERVICE_URL),Low,Read-only dictionary.,No,No,Yes,"trace_id, x-span-id, request_id",No,Yes,"request_duration, status_code, downstream_latency",Yes,APPLICATION_SERVICE_URL,Morgan HTTP logging + Winston file logs + custom x-trace-id/x-span-id headers,No SDK. No OTEL propagation. No structured logging. No domain events. No metrics.,P3,Not Started,
/api/simulation/kataza/simulations/:id,GET,SimulationController,getSimulationById,Simulation,Get simulation by ID.,Cookie/Header (TokenMiddleware),Downstream (APPLICATION_SERVICE_URL),Low,Read-only detail.,No,No,Yes,"trace_id, x-span-id, request_id",No,Yes,"request_duration, status_code, downstream_latency",Yes,APPLICATION_SERVICE_URL,Morgan HTTP logging + Winston file logs + custom x-trace-id/x-span-id headers,No SDK. No OTEL propagation. No structured logging. No domain events. No metrics.,P3,Not Started,
/api/simulation/kataza/validate/upi,POST,SimulationController,validateUpi,Simulation,Validate UPI.,Cookie/Header (TokenMiddleware),Downstream (APPLICATION_SERVICE_URL),Medium,Land parcel validation.,No,No,Yes,"trace_id, x-span-id, request_id",No,Yes,"request_duration, status_code, downstream_latency",Yes,APPLICATION_SERVICE_URL,Morgan HTTP logging + Winston file logs + custom x-trace-id/x-span-id headers,No SDK. No OTEL propagation. No structured logging. No domain events. No metrics.,P2,Not Started,
/api/simulation/kataza/dictionaries/crops,POST,SimulationController,getCropsDictionary,Simulation,Get crops dictionary.,Cookie/Header (TokenMiddleware),Downstream (APPLICATION_SERVICE_URL),Low,Read-only dictionary.,No,No,Yes,"trace_id, x-span-id, request_id",No,Yes,"request_duration, status_code, downstream_latency",Yes,APPLICATION_SERVICE_URL,Morgan HTTP logging + Winston file logs + custom x-trace-id/x-span-id headers,No SDK. No OTEL propagation. No structured logging. No domain events. No metrics.,P3,Not Started,
/api/simulation/kataza/dictionaries/seeds,POST,SimulationController,getSeedDictionary,Simulation,Get seed dictionary.,Cookie/Header (TokenMiddleware),Downstream (APPLICATION_SERVICE_URL),Low,Read-only dictionary.,No,No,Yes,"trace_id, x-span-id, request_id",No,Yes,"request_duration, status_code, downstream_latency",Yes,APPLICATION_SERVICE_URL,Morgan HTTP logging + Winston file logs + custom x-trace-id/x-span-id headers,No SDK. No OTEL propagation. No structured logging. No domain events. No metrics.,P3,Not Started,
/api/simulation/kataza/dictionaries/labor-activities,POST,SimulationController,getLaborActivitiesDictionary,Simulation,Get labor activities dictionary.,Cookie/Header (TokenMiddleware),Downstream (APPLICATION_SERVICE_URL),Low,Read-only dictionary.,No,No,Yes,"trace_id, x-span-id, request_id",No,Yes,"request_duration, status_code, downstream_latency",Yes,APPLICATION_SERVICE_URL,Morgan HTTP logging + Winston file logs + custom x-trace-id/x-span-id headers,No SDK. No OTEL propagation. No structured logging. No domain events. No metrics.,P3,Not Started,
/api/simulation/kataza/dictionaries/fertilizers,POST,SimulationController,getFertilizersDictionary,Simulation,Get fertilizers dictionary.,Cookie/Header (TokenMiddleware),Downstream (APPLICATION_SERVICE_URL),Low,Read-only dictionary.,No,No,Yes,"trace_id, x-span-id, request_id",No,Yes,"request_duration, status_code, downstream_latency",Yes,APPLICATION_SERVICE_URL,Morgan HTTP logging + Winston file logs + custom x-trace-id/x-span-id headers,No SDK. No OTEL propagation. No structured logging. No domain events. No metrics.,P3,Not Started,
/api/simulation/kataza/dictionaries/pesticides-and-herbicides,POST,SimulationController,getPesticidesAndHerbicidesDictionary,Simulation,Get pesticides dictionary.,Cookie/Header (TokenMiddleware),Downstream (APPLICATION_SERVICE_URL),Low,Read-only dictionary.,No,No,Yes,"trace_id, x-span-id, request_id",No,Yes,"request_duration, status_code, downstream_latency",Yes,APPLICATION_SERVICE_URL,Morgan HTTP logging + Winston file logs + custom x-trace-id/x-span-id headers,No SDK. No OTEL propagation. No structured logging. No domain events. No metrics.,P3,Not Started,
/api/external/bank-info/all,POST,ExternalApiController,fetchBankInfo,External API,Fetch bank info (external).,Cookie/Header (TokenMiddleware),Downstream (APPLICATION_SERVICE_URL),Medium,External bank data.,No,No,Yes,"trace_id, x-span-id, request_id",Yes — bank data,Yes,"request_duration, status_code, downstream_latency",Yes,APPLICATION_SERVICE_URL,Morgan HTTP logging + Winston file logs + custom x-trace-id/x-span-id headers,No SDK. No OTEL propagation. No structured logging. No domain events. No metrics.,P2,Not Started,OriginInterceptor commented out
/api/external/bank-info/details,POST,ExternalApiController,fetchBankInfoDetails,External API,Fetch bank info details.,Cookie/Header (TokenMiddleware),Downstream (APPLICATION_SERVICE_URL),Medium,External bank data.,No,No,Yes,"trace_id, x-span-id, request_id",Yes — bank data,Yes,"request_duration, status_code, downstream_latency",Yes,APPLICATION_SERVICE_URL,Morgan HTTP logging + Winston file logs + custom x-trace-id/x-span-id headers,No SDK. No OTEL propagation. No structured logging. No domain events. No metrics.,P2,Not Started,
/api/external/applications/disbursed,GET,ExternalApiController,fetchDisbursedApplicatiions,External API,Get disbursed applications.,Cookie/Header (TokenMiddleware),Downstream (APPLICATION_SERVICE_URL),Medium,External disbursement data.,No,No,Yes,"trace_id, x-span-id, request_id",Yes — financial data,Yes,"request_duration, status_code, downstream_latency",Yes,APPLICATION_SERVICE_URL,Morgan HTTP logging + Winston file logs + custom x-trace-id/x-span-id headers,No SDK. No OTEL propagation. No structured logging. No domain events. No metrics.,P2,Not Started,Typo in method name preserved
/api/companies,POST,CompaniesController,create,Core Banking,Get all companies (method name misleading).,Cookie/Header (TokenMiddleware),Downstream (CORE_BANKING_SERVICE_URL),Low,Company listing.,No,No,Yes,"trace_id, x-span-id, request_id",No,Yes,"request_duration, status_code, downstream_latency",Yes,CORE_BANKING_SERVICE_URL,Morgan HTTP logging + Winston file logs + custom x-trace-id/x-span-id headers,No SDK. No OTEL propagation. No structured logging. No domain events. No metrics.,P3,Not Started,"Method named ""create"" but calls getAllCompanies"
/api/companies/:id,GET,CompaniesController,getOneCompany,Core Banking,Get one company.,Cookie/Header (TokenMiddleware),Downstream (CORE_BANKING_SERVICE_URL),Low,Read-only lookup.,No,No,Yes,"trace_id, x-span-id, request_id",No,Yes,"request_duration, status_code, downstream_latency",Yes,CORE_BANKING_SERVICE_URL,Morgan HTTP logging + Winston file logs + custom x-trace-id/x-span-id headers,No SDK. No OTEL propagation. No structured logging. No domain events. No metrics.,P3,Not Started,
/api/beneficiaries,POST,BeneficiariesController,getBeneficiaries,Core Banking,Get beneficiaries.,Cookie/Header (TokenMiddleware),Downstream (CORE_BANKING_SERVICE_URL),Medium,Beneficiary listing.,No,No,Yes,"trace_id, x-span-id, request_id",Yes — PII,Yes,"request_duration, status_code, downstream_latency",Yes,CORE_BANKING_SERVICE_URL,Morgan HTTP logging + Winston file logs + custom x-trace-id/x-span-id headers,No SDK. No OTEL propagation. No structured logging. No domain events. No metrics.,P2,Not Started,
/api/beneficiaries/:id,GET,BeneficiariesController,getOneBeneficiary,Core Banking,Get one beneficiary.,Cookie/Header (TokenMiddleware),Downstream (CORE_BANKING_SERVICE_URL),Medium,Beneficiary detail.,No,No,Yes,"trace_id, x-span-id, request_id",Yes — PII,Yes,"request_duration, status_code, downstream_latency",Yes,CORE_BANKING_SERVICE_URL,Morgan HTTP logging + Winston file logs + custom x-trace-id/x-span-id headers,No SDK. No OTEL propagation. No structured logging. No domain events. No metrics.,P2,Not Started,
/api/payments,POST,PaymentController,getAllPayments,Payments & Invoicing,Get all payments.,Cookie/Header (TokenMiddleware),Downstream (PAYMENT_SERVICE_URL),Medium,Payment listing.,No,No,Yes,"trace_id, x-span-id, request_id",Yes — financial data,Yes,"request_duration, status_code, downstream_latency",Yes,PAYMENT_SERVICE_URL,Morgan HTTP logging + Winston file logs + custom x-trace-id/x-span-id headers,No SDK. No OTEL propagation. No structured logging. No domain events. No metrics.,P2,Not Started,
/api/payments/submit,POST,PaymentController,submitPayment,Payments & Invoicing,Submit payment.,Cookie/Header (TokenMiddleware),Downstream (PAYMENT_SERVICE_URL),Critical,Payment submission.,No,Yes,Yes,"trace_id, x-span-id, request_id",Yes — financial data,Yes,"request_duration, status_code, downstream_latency",Yes,PAYMENT_SERVICE_URL,Morgan HTTP logging + Winston file logs + custom x-trace-id/x-span-id headers,No SDK. No OTEL propagation. No structured logging. No domain events. No metrics.,P0,Not Started,FileInterceptor (proofOfPayment)
/api/payments/pfi/list,POST,PaymentController,getPfiPayments,Payments & Invoicing,Get PFI payments.,Cookie/Header (TokenMiddleware),Downstream (PAYMENT_SERVICE_URL),Medium,PFI payment listing.,No,No,Yes,"trace_id, x-span-id, request_id",Yes — financial data,Yes,"request_duration, status_code, downstream_latency",Yes,PAYMENT_SERVICE_URL,Morgan HTTP logging + Winston file logs + custom x-trace-id/x-span-id headers,No SDK. No OTEL propagation. No structured logging. No domain events. No metrics.,P2,Not Started,
/api/payments/:id,GET,PaymentController,getPayment,Payments & Invoicing,Get payment by ID.,Cookie/Header (TokenMiddleware),Downstream (PAYMENT_SERVICE_URL),High,Payment detail.,No,Yes,Yes,"trace_id, x-span-id, request_id",Yes — financial data,Yes,"request_duration, status_code, downstream_latency",Yes,PAYMENT_SERVICE_URL,Morgan HTTP logging + Winston file logs + custom x-trace-id/x-span-id headers,No SDK. No OTEL propagation. No structured logging. No domain events. No metrics.,P1,Not Started,
/api/payments/:id/confirm,POST,PaymentController,confirmPayment,Payments & Invoicing,Confirm payment.,Cookie/Header (TokenMiddleware),Downstream (PAYMENT_SERVICE_URL),Critical,Payment confirmation.,No,Yes,Yes,"trace_id, x-span-id, request_id",Yes — financial data,Yes,"request_duration, status_code, downstream_latency",Yes,PAYMENT_SERVICE_URL,Morgan HTTP logging + Winston file logs + custom x-trace-id/x-span-id headers,No SDK. No OTEL propagation. No structured logging. No domain events. No metrics.,P0,Not Started,
/api/payments/:id/request-clarification,POST,PaymentController,requestClarification,Payments & Invoicing,Request payment clarification.,Cookie/Header (TokenMiddleware),Downstream (PAYMENT_SERVICE_URL),High,Clarification request.,No,Yes,Yes,"trace_id, x-span-id, request_id",No,Yes,"request_duration, status_code, downstream_latency",Yes,PAYMENT_SERVICE_URL,Morgan HTTP logging + Winston file logs + custom x-trace-id/x-span-id headers,No SDK. No OTEL propagation. No structured logging. No domain events. No metrics.,P1,Not Started,
/api/payments/:id/resubmit,POST,PaymentController,resubmitPayment,Payments & Invoicing,Resubmit payment.,Cookie/Header (TokenMiddleware),Downstream (PAYMENT_SERVICE_URL),Critical,Payment resubmission.,No,Yes,Yes,"trace_id, x-span-id, request_id",Yes — financial data,Yes,"request_duration, status_code, downstream_latency",Yes,PAYMENT_SERVICE_URL,Morgan HTTP logging + Winston file logs + custom x-trace-id/x-span-id headers,No SDK. No OTEL propagation. No structured logging. No domain events. No metrics.,P0,Not Started,FileInterceptor (proofOfPayment)
/api/invoices/all,POST,InvoiceController,fetchAllInvoices,Payments & Invoicing,Fetch all invoices.,Cookie/Header (TokenMiddleware),Downstream (PAYMENT_SERVICE_URL),Medium,Invoice listing.,No,No,Yes,"trace_id, x-span-id, request_id",Yes — financial data,Yes,"request_duration, status_code, downstream_latency",Yes,PAYMENT_SERVICE_URL,Morgan HTTP logging + Winston file logs + custom x-trace-id/x-span-id headers,No SDK. No OTEL propagation. No structured logging. No domain events. No metrics.,P2,Not Started,
/api/invoices/list,POST,InvoiceController,getInvoiceList,Payments & Invoicing,Get invoice list.,Cookie/Header (TokenMiddleware),Downstream (PAYMENT_SERVICE_URL),Medium,Invoice listing variant.,No,No,Yes,"trace_id, x-span-id, request_id",Yes — financial data,Yes,"request_duration, status_code, downstream_latency",Yes,PAYMENT_SERVICE_URL,Morgan HTTP logging + Winston file logs + custom x-trace-id/x-span-id headers,No SDK. No OTEL propagation. No structured logging. No domain events. No metrics.,P2,Not Started,
/api/invoices/documents/all,POST,InvoiceController,getAllInvoiceDocuments,Payments & Invoicing,Get all invoice documents.,Cookie/Header (TokenMiddleware),Downstream (PAYMENT_SERVICE_URL),Medium,Document listing.,No,No,Yes,"trace_id, x-span-id, request_id",No,Yes,"request_duration, status_code, downstream_latency",Yes,PAYMENT_SERVICE_URL,Morgan HTTP logging + Winston file logs + custom x-trace-id/x-span-id headers,No SDK. No OTEL propagation. No structured logging. No domain events. No metrics.,P2,Not Started,
/api/invoices/documents/:id,GET,InvoiceController,getInvoiceDocument,Payments & Invoicing,Get invoice document by ID.,Cookie/Header (TokenMiddleware),Downstream (PAYMENT_SERVICE_URL),Medium,Document retrieval.,No,No,Yes,"trace_id, x-span-id, request_id",No,Yes,"request_duration, status_code, downstream_latency",Yes,PAYMENT_SERVICE_URL,Morgan HTTP logging + Winston file logs + custom x-trace-id/x-span-id headers,No SDK. No OTEL propagation. No structured logging. No domain events. No metrics.,P2,Not Started,
/api/programs/search,POST,ProgramsController,listPrograms,MEL (Monitoring & Evaluation),Search programs.,Cookie/Header (TokenMiddleware),Downstream (MEL_SERVICE_URL),Medium,Program listing.,No,No,Yes,"trace_id, x-span-id, request_id",No,Yes,"request_duration, status_code, downstream_latency",Yes,MEL_SERVICE_URL,Morgan HTTP logging + Winston file logs + custom x-trace-id/x-span-id headers,No SDK. No OTEL propagation. No structured logging. No domain events. No metrics.,P2,Not Started,
/api/programs/search/my-approvals,POST,ProgramsController,listProgramsForLoggedInApprover,MEL (Monitoring & Evaluation),Get programs for approval.,Cookie/Header (TokenMiddleware),Downstream (MEL_SERVICE_URL),Medium,Approver listing.,No,No,Yes,"trace_id, x-span-id, request_id",No,Yes,"request_duration, status_code, downstream_latency",Yes,MEL_SERVICE_URL,Morgan HTTP logging + Winston file logs + custom x-trace-id/x-span-id headers,No SDK. No OTEL propagation. No structured logging. No domain events. No metrics.,P2,Not Started,
/api/programs/:id/report-form,POST,ProgramsController,getReportForm,MEL (Monitoring & Evaluation),Get program report form.,Cookie/Header (TokenMiddleware),Downstream (MEL_SERVICE_URL),Low,Form retrieval.,No,No,Yes,"trace_id, x-span-id, request_id",No,Yes,"request_duration, status_code, downstream_latency",Yes,MEL_SERVICE_URL,Morgan HTTP logging + Winston file logs + custom x-trace-id/x-span-id headers,No SDK. No OTEL propagation. No structured logging. No domain events. No metrics.,P3,Not Started,
/api/programs/:id/report-draft,GET,ProgramsController,getReportDraft,MEL (Monitoring & Evaluation),Get report draft.,Cookie/Header (TokenMiddleware),Downstream (MEL_SERVICE_URL),Low,Draft retrieval.,No,No,Yes,"trace_id, x-span-id, request_id",No,Yes,"request_duration, status_code, downstream_latency",Yes,MEL_SERVICE_URL,Morgan HTTP logging + Winston file logs + custom x-trace-id/x-span-id headers,No SDK. No OTEL propagation. No structured logging. No domain events. No metrics.,P3,Not Started,
/api/programs/:id/report-draft,PUT,ProgramsController,saveReportDraft,MEL (Monitoring & Evaluation),Save report draft.,Cookie/Header (TokenMiddleware),Downstream (MEL_SERVICE_URL),Medium,Draft save — 20MB limit.,No,No,Yes,"trace_id, x-span-id, request_id",No,Yes,"request_duration, status_code, downstream_latency",Yes,MEL_SERVICE_URL,Morgan HTTP logging + Winston file logs + custom x-trace-id/x-span-id headers,No SDK. No OTEL propagation. No structured logging. No domain events. No metrics.,P2,Not Started,"FilesInterceptor (reportFiles, 20)"
/api/programs/:id/report-draft,DELETE,ProgramsController,deleteReportDraft,MEL (Monitoring & Evaluation),Delete report draft.,Cookie/Header (TokenMiddleware),Downstream (MEL_SERVICE_URL),Medium,Draft deletion.,No,No,Yes,"trace_id, x-span-id, request_id",No,Yes,"request_duration, status_code, downstream_latency",Yes,MEL_SERVICE_URL,Morgan HTTP logging + Winston file logs + custom x-trace-id/x-span-id headers,No SDK. No OTEL propagation. No structured logging. No domain events. No metrics.,P2,Not Started,
/api/programs/:id,GET,ProgramsController,getProgramById,MEL (Monitoring & Evaluation),Get program by ID.,Cookie/Header (TokenMiddleware),Downstream (MEL_SERVICE_URL),Low,Read-only detail.,No,No,Yes,"trace_id, x-span-id, request_id",No,Yes,"request_duration, status_code, downstream_latency",Yes,MEL_SERVICE_URL,Morgan HTTP logging + Winston file logs + custom x-trace-id/x-span-id headers,No SDK. No OTEL propagation. No structured logging. No domain events. No metrics.,P3,Not Started,
/api/programs,POST,ProgramsController,createProgram,MEL (Monitoring & Evaluation),Create program.,Cookie/Header (TokenMiddleware),Downstream (MEL_SERVICE_URL),Critical,Program creation.,No,Yes,Yes,"trace_id, x-span-id, request_id",No,Yes,"request_duration, status_code, downstream_latency",Yes,MEL_SERVICE_URL,Morgan HTTP logging + Winston file logs + custom x-trace-id/x-span-id headers,No SDK. No OTEL propagation. No structured logging. No domain events. No metrics.,P0,Not Started,
/api/programs/upload-files,POST,ProgramsController,uploadProgramFiles,MEL (Monitoring & Evaluation),Upload program files.,Cookie/Header (TokenMiddleware),Downstream (MEL_SERVICE_URL),High,File upload — 50MB limit.,No,Yes,Yes,"trace_id, x-span-id, request_id",No,Yes,"request_duration, status_code, downstream_latency",Yes,MEL_SERVICE_URL,Morgan HTTP logging + Winston file logs + custom x-trace-id/x-span-id headers,No SDK. No OTEL propagation. No structured logging. No domain events. No metrics.,P1,Not Started,"FilesInterceptor (files, 10)"
/api/programs/:id/reports,POST,ProgramsController,submitReport,MEL (Monitoring & Evaluation),Submit program report.,Cookie/Header (TokenMiddleware),Downstream (MEL_SERVICE_URL),Critical,Report submission — 20MB limit.,No,Yes,Yes,"trace_id, x-span-id, request_id",No,Yes,"request_duration, status_code, downstream_latency",Yes,MEL_SERVICE_URL,Morgan HTTP logging + Winston file logs + custom x-trace-id/x-span-id headers,No SDK. No OTEL propagation. No structured logging. No domain events. No metrics.,P0,Not Started,"FilesInterceptor (reportFiles, 20)"
/api/programs/:id,PUT,ProgramsController,updateProgram,MEL (Monitoring & Evaluation),Update program.,Cookie/Header (TokenMiddleware),Downstream (MEL_SERVICE_URL),High,Program update.,No,Yes,Yes,"trace_id, x-span-id, request_id",No,Yes,"request_duration, status_code, downstream_latency",Yes,MEL_SERVICE_URL,Morgan HTTP logging + Winston file logs + custom x-trace-id/x-span-id headers,No SDK. No OTEL propagation. No structured logging. No domain events. No metrics.,P1,Not Started,
/api/programs/:id/status,PUT,ProgramsController,updateProgramStatus,MEL (Monitoring & Evaluation),Update program status.,Cookie/Header (TokenMiddleware),Downstream (MEL_SERVICE_URL),High,Status transition.,No,Yes,Yes,"trace_id, x-span-id, request_id",No,Yes,"request_duration, status_code, downstream_latency",Yes,MEL_SERVICE_URL,Morgan HTTP logging + Winston file logs + custom x-trace-id/x-span-id headers,No SDK. No OTEL propagation. No structured logging. No domain events. No metrics.,P1,Not Started,
/api/programs/:id,DELETE,ProgramsController,deleteProgram,MEL (Monitoring & Evaluation),Delete program.,Cookie/Header (TokenMiddleware),Downstream (MEL_SERVICE_URL),High,Program deletion.,No,Yes,Yes,"trace_id, x-span-id, request_id",No,Yes,"request_duration, status_code, downstream_latency",Yes,MEL_SERVICE_URL,Morgan HTTP logging + Winston file logs + custom x-trace-id/x-span-id headers,No SDK. No OTEL propagation. No structured logging. No domain events. No metrics.,P1,Not Started,
/api/donors/search,POST,DonorsController,listDonors,MEL (Monitoring & Evaluation),Search donors.,Cookie/Header (TokenMiddleware),Downstream (MEL_SERVICE_URL),Low,Donor listing.,No,No,Yes,"trace_id, x-span-id, request_id",No,Yes,"request_duration, status_code, downstream_latency",Yes,MEL_SERVICE_URL,Morgan HTTP logging + Winston file logs + custom x-trace-id/x-span-id headers,No SDK. No OTEL propagation. No structured logging. No domain events. No metrics.,P3,Not Started,
/api/donors,POST,DonorsController,createDonor,MEL (Monitoring & Evaluation),Create donor.,Cookie/Header (TokenMiddleware),Downstream (MEL_SERVICE_URL),Medium,Donor creation.,No,No,Yes,"trace_id, x-span-id, request_id",No,Yes,"request_duration, status_code, downstream_latency",Yes,MEL_SERVICE_URL,Morgan HTTP logging + Winston file logs + custom x-trace-id/x-span-id headers,No SDK. No OTEL propagation. No structured logging. No domain events. No metrics.,P2,Not Started,
/api/donors/:id,PUT,DonorsController,updateDonor,MEL (Monitoring & Evaluation),Update donor.,Cookie/Header (TokenMiddleware),Downstream (MEL_SERVICE_URL),Medium,Donor update.,No,No,Yes,"trace_id, x-span-id, request_id",No,Yes,"request_duration, status_code, downstream_latency",Yes,MEL_SERVICE_URL,Morgan HTTP logging + Winston file logs + custom x-trace-id/x-span-id headers,No SDK. No OTEL propagation. No structured logging. No domain events. No metrics.,P2,Not Started,
/api/reports/summary,POST,ReportsController,getReportSummary,MEL (Monitoring & Evaluation),Get report summary.,Cookie/Header (TokenMiddleware),Downstream (MEL_SERVICE_URL),Low,Summary view.,No,No,Yes,"trace_id, x-span-id, request_id",No,Yes,"request_duration, status_code, downstream_latency",Yes,MEL_SERVICE_URL,Morgan HTTP logging + Winston file logs + custom x-trace-id/x-span-id headers,No SDK. No OTEL propagation. No structured logging. No domain events. No metrics.,P3,Not Started,
/api/reports/search,POST,ReportsController,listReports,MEL (Monitoring & Evaluation),Search reports.,Cookie/Header (TokenMiddleware),Downstream (MEL_SERVICE_URL),Medium,Report listing.,No,No,Yes,"trace_id, x-span-id, request_id",No,Yes,"request_duration, status_code, downstream_latency",Yes,MEL_SERVICE_URL,Morgan HTTP logging + Winston file logs + custom x-trace-id/x-span-id headers,No SDK. No OTEL propagation. No structured logging. No domain events. No metrics.,P2,Not Started,
/api/reports/:id,GET,ReportsController,getReportById,MEL (Monitoring & Evaluation),Get report by ID.,Cookie/Header (TokenMiddleware),Downstream (MEL_SERVICE_URL),Low,Report detail.,No,No,Yes,"trace_id, x-span-id, request_id",No,Yes,"request_duration, status_code, downstream_latency",Yes,MEL_SERVICE_URL,Morgan HTTP logging + Winston file logs + custom x-trace-id/x-span-id headers,No SDK. No OTEL propagation. No structured logging. No domain events. No metrics.,P3,Not Started,
/api/reports/:id/files/:templateId/download,GET,ReportsController,downloadReportFile,MEL (Monitoring & Evaluation),Download report file.,Cookie/Header (TokenMiddleware),Downstream (MEL_SERVICE_URL),Medium,File download.,No,No,Yes,"trace_id, x-span-id, request_id",No,Yes,"request_duration, status_code, downstream_latency",Yes,MEL_SERVICE_URL,Morgan HTTP logging + Winston file logs + custom x-trace-id/x-span-id headers,No SDK. No OTEL propagation. No structured logging. No domain events. No metrics.,P2,Not Started,Streams file with Content-Disposition
/api/reports/:id/review,POST,ReportsController,reviewReport,MEL (Monitoring & Evaluation),Review report.,Cookie/Header (TokenMiddleware),Downstream (MEL_SERVICE_URL),Critical,Report review/approval.,No,Yes,Yes,"trace_id, x-span-id, request_id",No,Yes,"request_duration, status_code, downstream_latency",Yes,MEL_SERVICE_URL,Morgan HTTP logging + Winston file logs + custom x-trace-id/x-span-id headers,No SDK. No OTEL propagation. No structured logging. No domain events. No metrics.,P0,Not Started,
/api/reports/:id,PUT,ReportsController,updateReport,MEL (Monitoring & Evaluation),Update report.,Cookie/Header (TokenMiddleware),Downstream (MEL_SERVICE_URL),High,Report update — 20MB limit.,No,Yes,Yes,"trace_id, x-span-id, request_id",No,Yes,"request_duration, status_code, downstream_latency",Yes,MEL_SERVICE_URL,Morgan HTTP logging + Winston file logs + custom x-trace-id/x-span-id headers,No SDK. No OTEL propagation. No structured logging. No domain events. No metrics.,P1,Not Started,"FilesInterceptor (reportFiles, 20)"
/api/mel/forms/search,POST,FormsController,listForms,MEL (Monitoring & Evaluation),Search MEL forms.,Cookie/Header (TokenMiddleware),Downstream (MEL_SERVICE_URL),Low,Form listing.,No,No,Yes,"trace_id, x-span-id, request_id",No,Yes,"request_duration, status_code, downstream_latency",Yes,MEL_SERVICE_URL,Morgan HTTP logging + Winston file logs + custom x-trace-id/x-span-id headers,No SDK. No OTEL propagation. No structured logging. No domain events. No metrics.,P3,Not Started,
/api/mel/forms/draft,GET,FormsController,getCurrentUserDraft,MEL (Monitoring & Evaluation),Get current user form draft.,Cookie/Header (TokenMiddleware),Downstream (MEL_SERVICE_URL),Low,Draft retrieval.,No,No,Yes,"trace_id, x-span-id, request_id",No,Yes,"request_duration, status_code, downstream_latency",Yes,MEL_SERVICE_URL,Morgan HTTP logging + Winston file logs + custom x-trace-id/x-span-id headers,No SDK. No OTEL propagation. No structured logging. No domain events. No metrics.,P3,Not Started,
/api/mel/forms/draft,PUT,FormsController,saveCurrentUserDraft,MEL (Monitoring & Evaluation),Save current user form draft.,Cookie/Header (TokenMiddleware),Downstream (MEL_SERVICE_URL),Medium,Draft save.,No,No,Yes,"trace_id, x-span-id, request_id",No,Yes,"request_duration, status_code, downstream_latency",Yes,MEL_SERVICE_URL,Morgan HTTP logging + Winston file logs + custom x-trace-id/x-span-id headers,No SDK. No OTEL propagation. No structured logging. No domain events. No metrics.,P2,Not Started,
/api/mel/forms/:id,GET,FormsController,getFormById,MEL (Monitoring & Evaluation),Get MEL form by ID.,Cookie/Header (TokenMiddleware),Downstream (MEL_SERVICE_URL),Low,Form detail.,No,No,Yes,"trace_id, x-span-id, request_id",No,Yes,"request_duration, status_code, downstream_latency",Yes,MEL_SERVICE_URL,Morgan HTTP logging + Winston file logs + custom x-trace-id/x-span-id headers,No SDK. No OTEL propagation. No structured logging. No domain events. No metrics.,P3,Not Started,
/api/mel/forms,POST,FormsController,createForm,MEL (Monitoring & Evaluation),Create MEL form.,Cookie/Header (TokenMiddleware),Downstream (MEL_SERVICE_URL),High,Form creation.,No,Yes,Yes,"trace_id, x-span-id, request_id",No,Yes,"request_duration, status_code, downstream_latency",Yes,MEL_SERVICE_URL,Morgan HTTP logging + Winston file logs + custom x-trace-id/x-span-id headers,No SDK. No OTEL propagation. No structured logging. No domain events. No metrics.,P1,Not Started,
/api/mel/forms/:id,PUT,FormsController,updateForm,MEL (Monitoring & Evaluation),Update MEL form.,Cookie/Header (TokenMiddleware),Downstream (MEL_SERVICE_URL),High,Form update.,No,Yes,Yes,"trace_id, x-span-id, request_id",No,Yes,"request_duration, status_code, downstream_latency",Yes,MEL_SERVICE_URL,Morgan HTTP logging + Winston file logs + custom x-trace-id/x-span-id headers,No SDK. No OTEL propagation. No structured logging. No domain events. No metrics.,P1,Not Started,
/api/kpis/search,POST,KpisController,listKpis,MEL (Monitoring & Evaluation),Search KPIs.,Cookie/Header (TokenMiddleware),Downstream (MEL_SERVICE_URL),Low,KPI listing.,No,No,Yes,"trace_id, x-span-id, request_id",No,Yes,"request_duration, status_code, downstream_latency",Yes,MEL_SERVICE_URL,Morgan HTTP logging + Winston file logs + custom x-trace-id/x-span-id headers,No SDK. No OTEL propagation. No structured logging. No domain events. No metrics.,P3,Not Started,
/api/kpis/:id,GET,KpisController,getKpiById,MEL (Monitoring & Evaluation),Get KPI by ID.,Cookie/Header (TokenMiddleware),Downstream (MEL_SERVICE_URL),Low,KPI detail.,No,No,Yes,"trace_id, x-span-id, request_id",No,Yes,"request_duration, status_code, downstream_latency",Yes,MEL_SERVICE_URL,Morgan HTTP logging + Winston file logs + custom x-trace-id/x-span-id headers,No SDK. No OTEL propagation. No structured logging. No domain events. No metrics.,P3,Not Started,
/api/kpis,POST,KpisController,createKpi,MEL (Monitoring & Evaluation),Create KPI.,Cookie/Header (TokenMiddleware),Downstream (MEL_SERVICE_URL),Medium,KPI creation.,No,No,Yes,"trace_id, x-span-id, request_id",No,Yes,"request_duration, status_code, downstream_latency",Yes,MEL_SERVICE_URL,Morgan HTTP logging + Winston file logs + custom x-trace-id/x-span-id headers,No SDK. No OTEL propagation. No structured logging. No domain events. No metrics.,P2,Not Started,
/api/kpis/import,POST,KpisController,importKpis,MEL (Monitoring & Evaluation),Import KPIs from Excel.,Cookie/Header (TokenMiddleware),Downstream (MEL_SERVICE_URL),High,Excel import — 20MB limit.,No,Yes,Yes,"trace_id, x-span-id, request_id",No,Yes,"request_duration, status_code, downstream_latency",Yes,MEL_SERVICE_URL,Morgan HTTP logging + Winston file logs + custom x-trace-id/x-span-id headers,No SDK. No OTEL propagation. No structured logging. No domain events. No metrics.,P1,Not Started,FileInterceptor (file)
/api/kpis/:id,PUT,KpisController,updateKpi,MEL (Monitoring & Evaluation),Update KPI.,Cookie/Header (TokenMiddleware),Downstream (MEL_SERVICE_URL),Medium,KPI update.,No,No,Yes,"trace_id, x-span-id, request_id",No,Yes,"request_duration, status_code, downstream_latency",Yes,MEL_SERVICE_URL,Morgan HTTP logging + Winston file logs + custom x-trace-id/x-span-id headers,No SDK. No OTEL propagation. No structured logging. No domain events. No metrics.,P2,Not Started,
/api/kpis/:id,DELETE,KpisController,deleteKpi,MEL (Monitoring & Evaluation),Delete KPI.,Cookie/Header (TokenMiddleware),Downstream (MEL_SERVICE_URL),Medium,KPI deletion.,No,No,Yes,"trace_id, x-span-id, request_id",No,Yes,"request_duration, status_code, downstream_latency",Yes,MEL_SERVICE_URL,Morgan HTTP logging + Winston file logs + custom x-trace-id/x-span-id headers,No SDK. No OTEL propagation. No structured logging. No domain events. No metrics.,P2,Not Started,
/api/templates/search,POST,TemplatesController,listTemplates,MEL (Monitoring & Evaluation),Search templates.,Cookie/Header (TokenMiddleware),Downstream (MEL_SERVICE_URL),Low,Template listing.,No,No,Yes,"trace_id, x-span-id, request_id",No,Yes,"request_duration, status_code, downstream_latency",Yes,MEL_SERVICE_URL,Morgan HTTP logging + Winston file logs + custom x-trace-id/x-span-id headers,No SDK. No OTEL propagation. No structured logging. No domain events. No metrics.,P3,Not Started,
/api/templates/draft,GET,TemplatesController,getCurrentUserDraft,MEL (Monitoring & Evaluation),Get current user template draft.,Cookie/Header (TokenMiddleware),Downstream (MEL_SERVICE_URL),Low,Draft retrieval.,No,No,Yes,"trace_id, x-span-id, request_id",No,Yes,"request_duration, status_code, downstream_latency",Yes,MEL_SERVICE_URL,Morgan HTTP logging + Winston file logs + custom x-trace-id/x-span-id headers,No SDK. No OTEL propagation. No structured logging. No domain events. No metrics.,P3,Not Started,
/api/templates/draft,PUT,TemplatesController,saveCurrentUserDraft,MEL (Monitoring & Evaluation),Save template draft.,Cookie/Header (TokenMiddleware),Downstream (MEL_SERVICE_URL),Medium,Draft save.,No,No,Yes,"trace_id, x-span-id, request_id",No,Yes,"request_duration, status_code, downstream_latency",Yes,MEL_SERVICE_URL,Morgan HTTP logging + Winston file logs + custom x-trace-id/x-span-id headers,No SDK. No OTEL propagation. No structured logging. No domain events. No metrics.,P2,Not Started,
/api/templates/:id,GET,TemplatesController,getTemplateById,MEL (Monitoring & Evaluation),Get template by ID.,Cookie/Header (TokenMiddleware),Downstream (MEL_SERVICE_URL),Low,Template detail.,No,No,Yes,"trace_id, x-span-id, request_id",No,Yes,"request_duration, status_code, downstream_latency",Yes,MEL_SERVICE_URL,Morgan HTTP logging + Winston file logs + custom x-trace-id/x-span-id headers,No SDK. No OTEL propagation. No structured logging. No domain events. No metrics.,P3,Not Started,
/api/templates,POST,TemplatesController,createTemplate,MEL (Monitoring & Evaluation),Create template.,Cookie/Header (TokenMiddleware),Downstream (MEL_SERVICE_URL),High,Template creation — optional Excel upload.,No,Yes,Yes,"trace_id, x-span-id, request_id",No,Yes,"request_duration, status_code, downstream_latency",Yes,MEL_SERVICE_URL,Morgan HTTP logging + Winston file logs + custom x-trace-id/x-span-id headers,No SDK. No OTEL propagation. No structured logging. No domain events. No metrics.,P1,Not Started,Optional FileInterceptor (file)
/api/templates/:id,PUT,TemplatesController,updateTemplate,MEL (Monitoring & Evaluation),Update template.,Cookie/Header (TokenMiddleware),Downstream (MEL_SERVICE_URL),High,Template update.,No,Yes,Yes,"trace_id, x-span-id, request_id",No,Yes,"request_duration, status_code, downstream_latency",Yes,MEL_SERVICE_URL,Morgan HTTP logging + Winston file logs + custom x-trace-id/x-span-id headers,No SDK. No OTEL propagation. No structured logging. No domain events. No metrics.,P1,Not Started,
/api/templates/:id,DELETE,TemplatesController,deleteTemplate,MEL (Monitoring & Evaluation),Delete template.,Cookie/Header (TokenMiddleware),Downstream (MEL_SERVICE_URL),High,Template deletion.,No,Yes,Yes,"trace_id, x-span-id, request_id",No,Yes,"request_duration, status_code, downstream_latency",Yes,MEL_SERVICE_URL,Morgan HTTP logging + Winston file logs + custom x-trace-id/x-span-id headers,No SDK. No OTEL propagation. No structured logging. No domain events. No metrics.,P1,Not Started,
/api/surveys,GET,SurveysController,listSurveys,MEL (Monitoring & Evaluation),List surveys.,Cookie/Header (TokenMiddleware),Downstream (MEL_SERVICE_URL),Low,Survey listing.,No,No,Yes,"trace_id, x-span-id, request_id",No,Yes,"request_duration, status_code, downstream_latency",Yes,MEL_SERVICE_URL,Morgan HTTP logging + Winston file logs + custom x-trace-id/x-span-id headers,No SDK. No OTEL propagation. No structured logging. No domain events. No metrics.,P3,Not Started,
/api/surveys/:id,GET,SurveysController,getSurveyById,MEL (Monitoring & Evaluation),Get survey by ID.,Cookie/Header (TokenMiddleware),Downstream (MEL_SERVICE_URL),Low,Survey detail.,No,No,Yes,"trace_id, x-span-id, request_id",No,Yes,"request_duration, status_code, downstream_latency",Yes,MEL_SERVICE_URL,Morgan HTTP logging + Winston file logs + custom x-trace-id/x-span-id headers,No SDK. No OTEL propagation. No structured logging. No domain events. No metrics.,P3,Not Started,
/api/surveys,POST,SurveysController,createSurvey,MEL (Monitoring & Evaluation),Create survey.,Cookie/Header (TokenMiddleware),Downstream (MEL_SERVICE_URL),Medium,Survey creation.,No,No,Yes,"trace_id, x-span-id, request_id",No,Yes,"request_duration, status_code, downstream_latency",Yes,MEL_SERVICE_URL,Morgan HTTP logging + Winston file logs + custom x-trace-id/x-span-id headers,No SDK. No OTEL propagation. No structured logging. No domain events. No metrics.,P2,Not Started,
/api/dashboard/summary,GET,DashboardController,getDashboardSummary,Dashboard,Get dashboard summary.,Cookie/Header (TokenMiddleware),Downstream (PROPERTIES_SERVICE_URL),Low,Summary statistics.,No,No,Yes,"trace_id, x-span-id, request_id",No,Yes,"request_duration, status_code, downstream_latency",Yes,PROPERTIES_SERVICE_URL,Morgan HTTP logging + Winston file logs + custom x-trace-id/x-span-id headers,No SDK. No OTEL propagation. No structured logging. No domain events. No metrics.,P3,Not Started,
/api/dashboard/monthly-sales-performance,GET,DashboardController,getMonthlySalesPerformance,Dashboard,Get monthly sales performance.,Cookie/Header (TokenMiddleware),Downstream (PROPERTIES_SERVICE_URL),Low,Analytics view.,No,No,Yes,"trace_id, x-span-id, request_id",No,Yes,"request_duration, status_code, downstream_latency",Yes,PROPERTIES_SERVICE_URL,Morgan HTTP logging + Winston file logs + custom x-trace-id/x-span-id headers,No SDK. No OTEL propagation. No structured logging. No domain events. No metrics.,P3,Not Started,
/api/dashboard/recently-updated-properties,GET,DashboardController,getRecentlyUpdatedProperties,Dashboard,Get recently updated properties.,Cookie/Header (TokenMiddleware),Downstream (PROPERTIES_SERVICE_URL),Low,Analytics view.,No,No,Yes,"trace_id, x-span-id, request_id",No,Yes,"request_duration, status_code, downstream_latency",Yes,PROPERTIES_SERVICE_URL,Morgan HTTP logging + Winston file logs + custom x-trace-id/x-span-id headers,No SDK. No OTEL propagation. No structured logging. No domain events. No metrics.,P3,Not Started,
/api/dashboard/most-popular-unit,GET,DashboardController,getMostPopularUnit,Dashboard,Get most popular unit.,Cookie/Header (TokenMiddleware),Downstream (PROPERTIES_SERVICE_URL),Low,Analytics view.,No,No,Yes,"trace_id, x-span-id, request_id",No,Yes,"request_duration, status_code, downstream_latency",Yes,PROPERTIES_SERVICE_URL,Morgan HTTP logging + Winston file logs + custom x-trace-id/x-span-id headers,No SDK. No OTEL propagation. No structured logging. No domain events. No metrics.,P3,Not Started,
/api/creditscore/eligibility/evaluate,POST,CreditScoreController,checkEligibility,Credit Scoring,Check credit eligibility.,Cookie/Header (TokenMiddleware),Downstream (CREDIT_SCORE_SERVICE_URL),High,Eligibility evaluation.,No,Yes,Yes,"trace_id, x-span-id, request_id",Yes — financial data,Yes,"request_duration, status_code, downstream_latency",Yes,CREDIT_SCORE_SERVICE_URL,Morgan HTTP logging + Winston file logs + custom x-trace-id/x-span-id headers,No SDK. No OTEL propagation. No structured logging. No domain events. No metrics.,P1,Not Started,
/api/creditscore/calculate,POST,CreditScoreController,calculateCreditScore,Credit Scoring,Calculate credit score.,Cookie/Header (TokenMiddleware),Downstream (CREDIT_SCORE_SERVICE_URL),Critical,Score calculation.,No,Yes,Yes,"trace_id, x-span-id, request_id",Yes — financial data,Yes,"request_duration, status_code, downstream_latency",Yes,CREDIT_SCORE_SERVICE_URL,Morgan HTTP logging + Winston file logs + custom x-trace-id/x-span-id headers,No SDK. No OTEL propagation. No structured logging. No domain events. No metrics.,P0,Not Started,
/api/creditscore/eligibility/:id,GET,CreditScoreController,getEligibilityCheckById,Credit Scoring,Get eligibility check by ID.,Cookie/Header (TokenMiddleware),Downstream (CREDIT_SCORE_SERVICE_URL),Medium,Eligibility detail.,No,No,Yes,"trace_id, x-span-id, request_id",Yes — financial data,Yes,"request_duration, status_code, downstream_latency",Yes,CREDIT_SCORE_SERVICE_URL,Morgan HTTP logging + Winston file logs + custom x-trace-id/x-span-id headers,No SDK. No OTEL propagation. No structured logging. No domain events. No metrics.,P2,Not Started,
/api/creditscore/calculations/:id,GET,CreditScoreController,getCreditScoreCalculationByCreditScoreId,Credit Scoring,Get calculation by credit score ID.,Cookie/Header (TokenMiddleware),Downstream (CREDIT_SCORE_SERVICE_URL),Medium,Calculation detail.,No,No,Yes,"trace_id, x-span-id, request_id",Yes — financial data,Yes,"request_duration, status_code, downstream_latency",Yes,CREDIT_SCORE_SERVICE_URL,Morgan HTTP logging + Winston file logs + custom x-trace-id/x-span-id headers,No SDK. No OTEL propagation. No structured logging. No domain events. No metrics.,P2,Not Started,
/api/creditscore/application/:id,GET,CreditScoreController,getCreditScoresByApplicationId,Credit Scoring,Get credit scores by application ID.,Cookie/Header (TokenMiddleware),Downstream (CREDIT_SCORE_SERVICE_URL),Medium,Application scores.,No,No,Yes,"trace_id, x-span-id, request_id",Yes — financial data,Yes,"request_duration, status_code, downstream_latency",Yes,CREDIT_SCORE_SERVICE_URL,Morgan HTTP logging + Winston file logs + custom x-trace-id/x-span-id headers,No SDK. No OTEL propagation. No structured logging. No domain events. No metrics.,P2,Not Started,
/api/creditscore/:id,GET,CreditScoreController,getCreditScoreById,Credit Scoring,Get credit score by ID.,Cookie/Header (TokenMiddleware),Downstream (CREDIT_SCORE_SERVICE_URL),Medium,Score detail.,No,No,Yes,"trace_id, x-span-id, request_id",Yes — financial data,Yes,"request_duration, status_code, downstream_latency",Yes,CREDIT_SCORE_SERVICE_URL,Morgan HTTP logging + Winston file logs + custom x-trace-id/x-span-id headers,No SDK. No OTEL propagation. No structured logging. No domain events. No metrics.,P2,Not Started,
/api/forms,POST,DynamicFormController,createForm,Dynamic Forms,Create dynamic form.,Cookie/Header (TokenMiddleware),Downstream (APPLICATION_SERVICE_URL),Medium,Form creation.,No,No,Yes,"trace_id, x-span-id, request_id",No,Yes,"request_duration, status_code, downstream_latency",Yes,APPLICATION_SERVICE_URL,Morgan HTTP logging + Winston file logs + custom x-trace-id/x-span-id headers,No SDK. No OTEL propagation. No structured logging. No domain events. No metrics.,P2,Not Started,Route prefix api/forms — distinct from api/mel/forms
/api/forms/all,POST,DynamicFormController,getAllForms,Dynamic Forms,Get all dynamic forms.,Cookie/Header (TokenMiddleware),Downstream (APPLICATION_SERVICE_URL),Low,Form listing.,No,No,Yes,"trace_id, x-span-id, request_id",No,Yes,"request_duration, status_code, downstream_latency",Yes,APPLICATION_SERVICE_URL,Morgan HTTP logging + Winston file logs + custom x-trace-id/x-span-id headers,No SDK. No OTEL propagation. No structured logging. No domain events. No metrics.,P3,Not Started,
/api/forms/fields,POST,DynamicFormController,createFormField,Dynamic Forms,Create form field.,Cookie/Header (TokenMiddleware),Downstream (APPLICATION_SERVICE_URL),Medium,Field creation.,No,No,Yes,"trace_id, x-span-id, request_id",No,Yes,"request_duration, status_code, downstream_latency",Yes,APPLICATION_SERVICE_URL,Morgan HTTP logging + Winston file logs + custom x-trace-id/x-span-id headers,No SDK. No OTEL propagation. No structured logging. No domain events. No metrics.,P2,Not Started,
/api/forms/fields/all,POST,DynamicFormController,getAllFormFields,Dynamic Forms,Get all form fields.,Cookie/Header (TokenMiddleware),Downstream (APPLICATION_SERVICE_URL),Low,Field listing.,No,No,Yes,"trace_id, x-span-id, request_id",No,Yes,"request_duration, status_code, downstream_latency",Yes,APPLICATION_SERVICE_URL,Morgan HTTP logging + Winston file logs + custom x-trace-id/x-span-id headers,No SDK. No OTEL propagation. No structured logging. No domain events. No metrics.,P3,Not Started,
/api/forms/:formId/fields,GET,DynamicFormController,getFormField,Dynamic Forms,Get form fields.,Cookie/Header (TokenMiddleware),Downstream (APPLICATION_SERVICE_URL),Low,Read-only fields.,No,No,Yes,"trace_id, x-span-id, request_id",No,Yes,"request_duration, status_code, downstream_latency",Yes,APPLICATION_SERVICE_URL,Morgan HTTP logging + Winston file logs + custom x-trace-id/x-span-id headers,No SDK. No OTEL propagation. No structured logging. No domain events. No metrics.,P3,Not Started,
/api/forms/:bundleId/bundle,GET,DynamicFormController,getFormBundle,Dynamic Forms,Get form bundle.,Cookie/Header (TokenMiddleware),Downstream (APPLICATION_SERVICE_URL),Low,Read-only bundle.,No,No,Yes,"trace_id, x-span-id, request_id",No,Yes,"request_duration, status_code, downstream_latency",Yes,APPLICATION_SERVICE_URL,Morgan HTTP logging + Winston file logs + custom x-trace-id/x-span-id headers,No SDK. No OTEL propagation. No structured logging. No domain events. No metrics.,P3,Not Started,
/api/forms/input/types,GET,DynamicFormController,getFieldInputTypes,Dynamic Forms,Get field input types.,Cookie/Header (TokenMiddleware),Downstream (APPLICATION_SERVICE_URL),Low,Read-only types.,No,No,Yes,"trace_id, x-span-id, request_id",No,Yes,"request_duration, status_code, downstream_latency",Yes,APPLICATION_SERVICE_URL,Morgan HTTP logging + Winston file logs + custom x-trace-id/x-span-id headers,No SDK. No OTEL propagation. No structured logging. No domain events. No metrics.,P3,Not Started,
/api/financial-institutions/:id/upload-files,PUT,FinancialInstitutionController,uploadFiles,Financial Institutions,Upload PFI files.,Cookie/Header (TokenMiddleware),Downstream (APPLICATION_SERVICE_URL),High,Document upload — 5MB/file.,No,Yes,Yes,"trace_id, x-span-id, request_id",No,Yes,"request_duration, status_code, downstream_latency",Yes,APPLICATION_SERVICE_URL,Morgan HTTP logging + Winston file logs + custom x-trace-id/x-span-id headers,No SDK. No OTEL propagation. No structured logging. No domain events. No metrics.,P1,Not Started,FileFieldsInterceptor
/api/financial-institutions/all,POST,FinancialInstitutionController,findAll,Financial Institutions,List all PFIs.,Cookie/Header (TokenMiddleware),Downstream (APPLICATION_SERVICE_URL),Medium,PFI listing.,No,No,Yes,"trace_id, x-span-id, request_id",No,Yes,"request_duration, status_code, downstream_latency",Yes,APPLICATION_SERVICE_URL,Morgan HTTP logging + Winston file logs + custom x-trace-id/x-span-id headers,No SDK. No OTEL propagation. No structured logging. No domain events. No metrics.,P2,Not Started,
/api/financial-institutions/dropdown,GET,FinancialInstitutionController,getDropdownList,Financial Institutions,Get PFI dropdown.,Cookie/Header (TokenMiddleware),Downstream (APPLICATION_SERVICE_URL),Low,Read-only dropdown.,No,No,Yes,"trace_id, x-span-id, request_id",No,Yes,"request_duration, status_code, downstream_latency",Yes,APPLICATION_SERVICE_URL,Morgan HTTP logging + Winston file logs + custom x-trace-id/x-span-id headers,No SDK. No OTEL propagation. No structured logging. No domain events. No metrics.,P3,Not Started,
/api/financial-institutions/:id,GET,FinancialInstitutionController,findOne,Financial Institutions,Get PFI by ID.,Cookie/Header (TokenMiddleware),Downstream (APPLICATION_SERVICE_URL),Medium,PFI detail.,No,No,Yes,"trace_id, x-span-id, request_id",No,Yes,"request_duration, status_code, downstream_latency",Yes,APPLICATION_SERVICE_URL,Morgan HTTP logging + Winston file logs + custom x-trace-id/x-span-id headers,No SDK. No OTEL propagation. No structured logging. No domain events. No metrics.,P2,Not Started,
/api/financial-institutions,POST,FinancialInstitutionController,createApplication,Financial Institutions,Create PFI application.,Cookie/Header (TokenMiddleware),Downstream (APPLICATION_SERVICE_URL),High,PFI onboarding.,No,Yes,Yes,"trace_id, x-span-id, request_id",No,Yes,"request_duration, status_code, downstream_latency",Yes,APPLICATION_SERVICE_URL,Morgan HTTP logging + Winston file logs + custom x-trace-id/x-span-id headers,No SDK. No OTEL propagation. No structured logging. No domain events. No metrics.,P1,Not Started,
/api/financial-institutions/submit,POST,FinancialInstitutionController,submitApplication,Financial Institutions,Submit PFI application.,Cookie/Header (TokenMiddleware),Downstream (APPLICATION_SERVICE_URL),Critical,PFI submission.,No,Yes,Yes,"trace_id, x-span-id, request_id",No,Yes,"request_duration, status_code, downstream_latency",Yes,APPLICATION_SERVICE_URL,Morgan HTTP logging + Winston file logs + custom x-trace-id/x-span-id headers,No SDK. No OTEL propagation. No structured logging. No domain events. No metrics.,P0,Not Started,
/api/financial-institutions/our-applications,POST,FinancialInstitutionController,getInstitutionOnboadingApplication,Financial Institutions,Get institution applications.,Cookie/Header (TokenMiddleware),Downstream (APPLICATION_SERVICE_URL),Medium,Institution listing.,No,No,Yes,"trace_id, x-span-id, request_id",No,Yes,"request_duration, status_code, downstream_latency",Yes,APPLICATION_SERVICE_URL,Morgan HTTP logging + Winston file logs + custom x-trace-id/x-span-id headers,No SDK. No OTEL propagation. No structured logging. No domain events. No metrics.,P2,Not Started,
/api/financial-institutions/:id/products,GET,FinancialInstitutionController,getPFIProducts,Financial Institutions,Get PFI products.,Cookie/Header (TokenMiddleware),Downstream (APPLICATION_SERVICE_URL),Low,Read-only products.,No,No,Yes,"trace_id, x-span-id, request_id",No,Yes,"request_duration, status_code, downstream_latency",Yes,APPLICATION_SERVICE_URL,Morgan HTTP logging + Winston file logs + custom x-trace-id/x-span-id headers,No SDK. No OTEL propagation. No structured logging. No domain events. No metrics.,P3,Not Started,
/api/financial-institutions/our-products,POST,FinancialInstitutionController,getInstitutionOnboadingApplicationProducts,Financial Institutions,Get institution products.,Cookie/Header (TokenMiddleware),Downstream (APPLICATION_SERVICE_URL),Medium,Product listing.,No,No,Yes,"trace_id, x-span-id, request_id",No,Yes,"request_duration, status_code, downstream_latency",Yes,APPLICATION_SERVICE_URL,Morgan HTTP logging + Winston file logs + custom x-trace-id/x-span-id headers,No SDK. No OTEL propagation. No structured logging. No domain events. No metrics.,P2,Not Started,
/api/financial-institutions/summary,POST,FinancialInstitutionController,getApplicationStatusSummary,Financial Institutions,Get PFI application summary.,Cookie/Header (TokenMiddleware),Downstream (APPLICATION_SERVICE_URL),Low,Summary statistics.,No,No,Yes,"trace_id, x-span-id, request_id",No,Yes,"request_duration, status_code, downstream_latency",Yes,APPLICATION_SERVICE_URL,Morgan HTTP logging + Winston file logs + custom x-trace-id/x-span-id headers,No SDK. No OTEL propagation. No structured logging. No domain events. No metrics.,P3,Not Started,
/api/corebanking/loans/:nationalIdOrTin,GET,CoreBankingController,fetchLoans,Core Banking,Fetch loans by NID or TIN.,Cookie/Header (TokenMiddleware),Downstream (CORE_BANKING_SERVICE_URL),High,Loan data lookup.,No,Yes,Yes,"trace_id, x-span-id, request_id",Yes — NID/TIN in URL,Yes,"request_duration, status_code, downstream_latency",Yes,CORE_BANKING_SERVICE_URL,Morgan HTTP logging + Winston file logs + custom x-trace-id/x-span-id headers,No SDK. No OTEL propagation. No structured logging. No domain events. No metrics.,P1,Not Started,
/api/corebanking/transactions/:loanid,GET,CoreBankingController,fetchTransactionsByAccountNumber,Core Banking,Fetch loan transactions.,Cookie/Header (TokenMiddleware),Downstream (CORE_BANKING_SERVICE_URL),High,Transaction history.,No,Yes,Yes,"trace_id, x-span-id, request_id",Yes — financial data,Yes,"request_duration, status_code, downstream_latency",Yes,CORE_BANKING_SERVICE_URL,Morgan HTTP logging + Winston file logs + custom x-trace-id/x-span-id headers,No SDK. No OTEL propagation. No structured logging. No domain events. No metrics.,P1,Not Started,
/api/corebanking/repayments/:loanId,GET,CoreBankingController,fetchRepayments,Core Banking,Fetch loan repayments.,Cookie/Header (TokenMiddleware),Downstream (CORE_BANKING_SERVICE_URL),High,Repayment data.,No,Yes,Yes,"trace_id, x-span-id, request_id",Yes — financial data,Yes,"request_duration, status_code, downstream_latency",Yes,CORE_BANKING_SERVICE_URL,Morgan HTTP logging + Winston file logs + custom x-trace-id/x-span-id headers,No SDK. No OTEL propagation. No structured logging. No domain events. No metrics.,P1,Not Started,
/api/corebanking/budgets,POST,CoreBankingController,fetchAllBudgets,Core Banking,Fetch all budgets.,Cookie/Header (TokenMiddleware),Downstream (CORE_BANKING_SERVICE_URL),Medium,Budget listing.,No,No,Yes,"trace_id, x-span-id, request_id",Yes — financial data,Yes,"request_duration, status_code, downstream_latency",Yes,CORE_BANKING_SERVICE_URL,Morgan HTTP logging + Winston file logs + custom x-trace-id/x-span-id headers,No SDK. No OTEL propagation. No structured logging. No domain events. No metrics.,P2,Not Started,
/api/corebanking/budgets/:id,GET,CoreBankingController,fetchBudgetById,Core Banking,Fetch budget by ID.,Cookie/Header (TokenMiddleware),Downstream (CORE_BANKING_SERVICE_URL),Medium,Budget detail.,No,No,Yes,"trace_id, x-span-id, request_id",Yes — financial data,Yes,"request_duration, status_code, downstream_latency",Yes,CORE_BANKING_SERVICE_URL,Morgan HTTP logging + Winston file logs + custom x-trace-id/x-span-id headers,No SDK. No OTEL propagation. No structured logging. No domain events. No metrics.,P2,Not Started,
/api/corebanking/budgets/department,POST,CoreBankingController,fetchAllBudgetsByDepartment,Core Banking,Fetch budgets by department.,Cookie/Header (TokenMiddleware),Downstream (CORE_BANKING_SERVICE_URL),Medium,Department budgets.,No,No,Yes,"trace_id, x-span-id, request_id",Yes — financial data,Yes,"request_duration, status_code, downstream_latency",Yes,CORE_BANKING_SERVICE_URL,Morgan HTTP logging + Winston file logs + custom x-trace-id/x-span-id headers,No SDK. No OTEL propagation. No structured logging. No domain events. No metrics.,P2,Not Started,
/api/logging/frontend/error,POST,LoggingController,handleFrontendError,Logging,Handle frontend error.,Cookie/Header (TokenMiddleware),Downstream (LOGGING_SERVICE_URL),Medium,Frontend error capture.,No,No,Yes,"trace_id, x-span-id, request_id",No,Yes,"request_duration, status_code, downstream_latency",Yes,LOGGING_SERVICE_URL,Morgan HTTP logging + Winston file logs + custom x-trace-id/x-span-id headers,No SDK. No OTEL propagation. No structured logging. No domain events. No metrics.,P2,Not Started,Fire-and-forget (202 Accepted)
/api/products,POST,ProductController,create,Products,Create product.,Cookie/Header (TokenMiddleware),Downstream (PRODUCT_SERVICE_URL),High,Product creation.,No,Yes,Yes,"trace_id, x-span-id, request_id",No,Yes,"request_duration, status_code, downstream_latency",Yes,PRODUCT_SERVICE_URL,Morgan HTTP logging + Winston file logs + custom x-trace-id/x-span-id headers,No SDK. No OTEL propagation. No structured logging. No domain events. No metrics.,P1,Not Started,
/api/products/bundles,POST,ProductController,createBundle,Products,Create product bundle.,Cookie/Header (TokenMiddleware),Downstream (PRODUCT_SERVICE_URL),High,Bundle creation.,No,Yes,Yes,"trace_id, x-span-id, request_id",No,Yes,"request_duration, status_code, downstream_latency",Yes,PRODUCT_SERVICE_URL,Morgan HTTP logging + Winston file logs + custom x-trace-id/x-span-id headers,No SDK. No OTEL propagation. No structured logging. No domain events. No metrics.,P1,Not Started,
/api/products/bundles/all,POST,ProductController,fetchAllBundles,Products,Fetch all bundles.,Cookie/Header (TokenMiddleware),Downstream (PRODUCT_SERVICE_URL),Low,Bundle listing.,No,No,Yes,"trace_id, x-span-id, request_id",No,Yes,"request_duration, status_code, downstream_latency",Yes,PRODUCT_SERVICE_URL,Morgan HTTP logging + Winston file logs + custom x-trace-id/x-span-id headers,No SDK. No OTEL propagation. No structured logging. No domain events. No metrics.,P3,Not Started,
/api/products/:id,GET,ProductController,fetchOneProduct,Products,Fetch one product.,Cookie/Header (TokenMiddleware),Downstream (PRODUCT_SERVICE_URL),Low,Product detail.,No,No,Yes,"trace_id, x-span-id, request_id",No,Yes,"request_duration, status_code, downstream_latency",Yes,PRODUCT_SERVICE_URL,Morgan HTTP logging + Winston file logs + custom x-trace-id/x-span-id headers,No SDK. No OTEL propagation. No structured logging. No domain events. No metrics.,P3,Not Started,
/api/products/:id,PATCH,ProductController,updateProduct,Products,Update product.,Cookie/Header (TokenMiddleware),Downstream (PRODUCT_SERVICE_URL),High,Product update.,No,Yes,Yes,"trace_id, x-span-id, request_id",No,Yes,"request_duration, status_code, downstream_latency",Yes,PRODUCT_SERVICE_URL,Morgan HTTP logging + Winston file logs + custom x-trace-id/x-span-id headers,No SDK. No OTEL propagation. No structured logging. No domain events. No metrics.,P1,Not Started,
/api/products/mapping,POST,ProductController,createProductMapping,Products,Create product mapping.,Cookie/Header (TokenMiddleware),Downstream (PRODUCT_SERVICE_URL),High,Mapping creation.,No,Yes,Yes,"trace_id, x-span-id, request_id",No,Yes,"request_duration, status_code, downstream_latency",Yes,PRODUCT_SERVICE_URL,Morgan HTTP logging + Winston file logs + custom x-trace-id/x-span-id headers,No SDK. No OTEL propagation. No structured logging. No domain events. No metrics.,P1,Not Started,
/api/products/mapping/all,POST,ProductController,fetchProductMapping,Products,Fetch all product mappings.,Cookie/Header (TokenMiddleware),Downstream (PRODUCT_SERVICE_URL),Low,Mapping listing.,No,No,Yes,"trace_id, x-span-id, request_id",No,Yes,"request_duration, status_code, downstream_latency",Yes,PRODUCT_SERVICE_URL,Morgan HTTP logging + Winston file logs + custom x-trace-id/x-span-id headers,No SDK. No OTEL propagation. No structured logging. No domain events. No metrics.,P3,Not Started,
/api/products/mapping/bundles/fetch,POST,ProductController,fetchMappingBundles,Products,Fetch mapping bundles.,Cookie/Header (TokenMiddleware),Downstream (PRODUCT_SERVICE_URL),Low,Bundle mapping listing.,No,No,Yes,"trace_id, x-span-id, request_id",No,Yes,"request_duration, status_code, downstream_latency",Yes,PRODUCT_SERVICE_URL,Morgan HTTP logging + Winston file logs + custom x-trace-id/x-span-id headers,No SDK. No OTEL propagation. No structured logging. No domain events. No metrics.,P3,Not Started,
/api/products/all,POST,ProductController,fetchAllProducts,Products,Fetch all products.,Cookie/Header (TokenMiddleware),Downstream (PRODUCT_SERVICE_URL),Low,Product listing.,No,No,Yes,"trace_id, x-span-id, request_id",No,Yes,"request_duration, status_code, downstream_latency",Yes,PRODUCT_SERVICE_URL,Morgan HTTP logging + Winston file logs + custom x-trace-id/x-span-id headers,No SDK. No OTEL propagation. No structured logging. No domain events. No metrics.,P3,Not Started,
/api/products/bundles/:id,GET,ProductController,fetchOneBundle,Products,Fetch one bundle.,Cookie/Header (TokenMiddleware),Downstream (PRODUCT_SERVICE_URL),Low,Bundle detail.,No,No,Yes,"trace_id, x-span-id, request_id",No,Yes,"request_duration, status_code, downstream_latency",Yes,PRODUCT_SERVICE_URL,Morgan HTTP logging + Winston file logs + custom x-trace-id/x-span-id headers,No SDK. No OTEL propagation. No structured logging. No domain events. No metrics.,P3,Not Started,
/api/products/projects/all,POST,ProductController,fetchAllProjects,Products,Fetch all projects.,Cookie/Header (TokenMiddleware),Downstream (PRODUCT_SERVICE_URL),Low,Project listing.,No,No,Yes,"trace_id, x-span-id, request_id",No,Yes,"request_duration, status_code, downstream_latency",Yes,PRODUCT_SERVICE_URL,Morgan HTTP logging + Winston file logs + custom x-trace-id/x-span-id headers,No SDK. No OTEL propagation. No structured logging. No domain events. No metrics.,P3,Not Started,
/api/products/:id/projects,GET,ProductController,fetchProjectsById,Products,Fetch projects by product ID.,Cookie/Header (TokenMiddleware),Downstream (PRODUCT_SERVICE_URL),Low,Product projects.,No,No,Yes,"trace_id, x-span-id, request_id",No,Yes,"request_duration, status_code, downstream_latency",Yes,PRODUCT_SERVICE_URL,Morgan HTTP logging + Winston file logs + custom x-trace-id/x-span-id headers,No SDK. No OTEL propagation. No structured logging. No domain events. No metrics.,P3,Not Started,
/api/products/categories/all,POST,ProductController,fetchAllCategories,Products,Fetch all categories.,Cookie/Header (TokenMiddleware),Downstream (PRODUCT_SERVICE_URL),Low,Category listing.,No,No,Yes,"trace_id, x-span-id, request_id",No,Yes,"request_duration, status_code, downstream_latency",Yes,PRODUCT_SERVICE_URL,Morgan HTTP logging + Winston file logs + custom x-trace-id/x-span-id headers,No SDK. No OTEL propagation. No structured logging. No domain events. No metrics.,P3,Not Started,
/api/products/categories/:id,GET,ProductController,fetchOneCategory,Products,Fetch one category.,Cookie/Header (TokenMiddleware),Downstream (PRODUCT_SERVICE_URL),Low,Category detail.,No,No,Yes,"trace_id, x-span-id, request_id",No,Yes,"request_duration, status_code, downstream_latency",Yes,PRODUCT_SERVICE_URL,Morgan HTTP logging + Winston file logs + custom x-trace-id/x-span-id headers,No SDK. No OTEL propagation. No structured logging. No domain events. No metrics.,P3,Not Started,
/api/routes,GET,RouteController,create,Access Management,Get routes (method name misleading).,Cookie/Header (TokenMiddleware),Downstream (ACCESS_MANAGEMENT_SERVICE_URL),Low,Route listing.,No,No,Yes,"trace_id, x-span-id, request_id",No,Yes,"request_duration, status_code, downstream_latency",Yes,ACCESS_MANAGEMENT_SERVICE_URL,Morgan HTTP logging + Winston file logs + custom x-trace-id/x-span-id headers,No SDK. No OTEL propagation. No structured logging. No domain events. No metrics.,P3,Not Started,"Method named ""create"" but is GET — likely bug"
/api/routes,POST,RouteController,fetchAll,Access Management,Fetch all routes.,Cookie/Header (TokenMiddleware),Downstream (ACCESS_MANAGEMENT_SERVICE_URL),Low,Route listing.,No,No,Yes,"trace_id, x-span-id, request_id",No,Yes,"request_duration, status_code, downstream_latency",Yes,ACCESS_MANAGEMENT_SERVICE_URL,Morgan HTTP logging + Winston file logs + custom x-trace-id/x-span-id headers,No SDK. No OTEL propagation. No structured logging. No domain events. No metrics.,P3,Not Started,"Method named ""fetchAll"" but is POST"
/api/configuration/v1/public-api/schema,GET,ConfigurationsController,getPublicSchema,Configuration,Get public API schema.,Cookie/Header (TokenMiddleware),Downstream (CONFIGURATION_SERVICE_URL),Low,Schema lookup.,No,No,Yes,"trace_id, x-span-id, request_id",No,Yes,"request_duration, status_code, downstream_latency",Yes,CONFIGURATION_SERVICE_URL,Morgan HTTP logging + Winston file logs + custom x-trace-id/x-span-id headers,No SDK. No OTEL propagation. No structured logging. No domain events. No metrics.,P3,Not Started,
/api/configuration/v1/public/:ns/:type,GET,ConfigurationsController,fetchPublicConfigurations,Configuration,Fetch public configurations.,Cookie/Header (TokenMiddleware),Downstream (CONFIGURATION_SERVICE_URL),Low,Public config lookup.,No,No,Yes,"trace_id, x-span-id, request_id",No,Yes,"request_duration, status_code, downstream_latency",Yes,CONFIGURATION_SERVICE_URL,Morgan HTTP logging + Winston file logs + custom x-trace-id/x-span-id headers,No SDK. No OTEL propagation. No structured logging. No domain events. No metrics.,P3,Not Started,
/api/configuration/v1/:ns/:type,POST,ConfigurationsController,createconfiguration,Configuration,Create configuration.,Cookie/Header (TokenMiddleware),Downstream (CONFIGURATION_SERVICE_URL),High,Configuration creation.,No,Yes,Yes,"trace_id, x-span-id, request_id",No,Yes,"request_duration, status_code, downstream_latency",Yes,CONFIGURATION_SERVICE_URL,Morgan HTTP logging + Winston file logs + custom x-trace-id/x-span-id headers,No SDK. No OTEL propagation. No structured logging. No domain events. No metrics.,P1,Not Started,
/api/configuration/v1/:ns/:type/search,GET,ConfigurationsController,searchConfigurationItems,Configuration,Search configuration items.,Cookie/Header (TokenMiddleware),Downstream (CONFIGURATION_SERVICE_URL),Low,Config search.,No,No,Yes,"trace_id, x-span-id, request_id",No,Yes,"request_duration, status_code, downstream_latency",Yes,CONFIGURATION_SERVICE_URL,Morgan HTTP logging + Winston file logs + custom x-trace-id/x-span-id headers,No SDK. No OTEL propagation. No structured logging. No domain events. No metrics.,P3,Not Started,
/api/configuration/v1/:ns/:type/:code,GET,ConfigurationsController,fetchConfigurations,Configuration,Fetch configuration by code.,Cookie/Header (TokenMiddleware),Downstream (CONFIGURATION_SERVICE_URL),Low,Config lookup.,No,No,Yes,"trace_id, x-span-id, request_id",No,Yes,"request_duration, status_code, downstream_latency",Yes,CONFIGURATION_SERVICE_URL,Morgan HTTP logging + Winston file logs + custom x-trace-id/x-span-id headers,No SDK. No OTEL propagation. No structured logging. No domain events. No metrics.,P3,Not Started,
/api/configuration/v1/:ns/:type/:code/links,GET,ConfigurationsController,fetchConfigurationLinks,Configuration,Fetch configuration links.,Cookie/Header (TokenMiddleware),Downstream (CONFIGURATION_SERVICE_URL),Low,Config links.,No,No,Yes,"trace_id, x-span-id, request_id",No,Yes,"request_duration, status_code, downstream_latency",Yes,CONFIGURATION_SERVICE_URL,Morgan HTTP logging + Winston file logs + custom x-trace-id/x-span-id headers,No SDK. No OTEL propagation. No structured logging. No domain events. No metrics.,P3,Not Started,
/api/configuration/v1/:ns/:type/:code/links/:relation/:toType/:toCode,POST,ConfigurationsController,createConfigurationLink,Configuration,Create configuration link.,Cookie/Header (TokenMiddleware),Downstream (CONFIGURATION_SERVICE_URL),High,Config link creation.,No,Yes,Yes,"trace_id, x-span-id, request_id",No,Yes,"request_duration, status_code, downstream_latency",Yes,CONFIGURATION_SERVICE_URL,Morgan HTTP logging + Winston file logs + custom x-trace-id/x-span-id headers,No SDK. No OTEL propagation. No structured logging. No domain events. No metrics.,P1,Not Started,
/api/configuration/v1/:ns/:type,GET,ConfigurationsController,fetchOneconfiguration,Configuration,Fetch one configuration.,Cookie/Header (TokenMiddleware),Downstream (CONFIGURATION_SERVICE_URL),Low,Config lookup.,No,No,Yes,"trace_id, x-span-id, request_id",No,Yes,"request_duration, status_code, downstream_latency",Yes,CONFIGURATION_SERVICE_URL,Morgan HTTP logging + Winston file logs + custom x-trace-id/x-span-id headers,No SDK. No OTEL propagation. No structured logging. No domain events. No metrics.,P3,Not Started,
/api/configuration/v1/:ns/:type/:code,PUT,ConfigurationsController,updateconfiguration,Configuration,Update configuration.,Cookie/Header (TokenMiddleware),Downstream (CONFIGURATION_SERVICE_URL),High,Config update.,No,Yes,Yes,"trace_id, x-span-id, request_id",No,Yes,"request_duration, status_code, downstream_latency",Yes,CONFIGURATION_SERVICE_URL,Morgan HTTP logging + Winston file logs + custom x-trace-id/x-span-id headers,No SDK. No OTEL propagation. No structured logging. No domain events. No metrics.,P1,Not Started,
/api/configuration/v1/:ns/:type/:code,DELETE,ConfigurationsController,deleteconfiguration,Configuration,Delete configuration.,Cookie/Header (TokenMiddleware),Downstream (CONFIGURATION_SERVICE_URL),High,Config deletion.,No,Yes,Yes,"trace_id, x-span-id, request_id",No,Yes,"request_duration, status_code, downstream_latency",Yes,CONFIGURATION_SERVICE_URL,Morgan HTTP logging + Winston file logs + custom x-trace-id/x-span-id headers,No SDK. No OTEL propagation. No structured logging. No domain events. No metrics.,P1,Not Started,
/api/configuration/v1/:ns/:type/:code/links/:relation/:toType/:toCode,DELETE,ConfigurationsController,deleteConfigurationLink,Configuration,Delete configuration link.,Cookie/Header (TokenMiddleware),Downstream (CONFIGURATION_SERVICE_URL),Medium,Config link deletion.,No,No,Yes,"trace_id, x-span-id, request_id",No,Yes,"request_duration, status_code, downstream_latency",Yes,CONFIGURATION_SERVICE_URL,Morgan HTTP logging + Winston file logs + custom x-trace-id/x-span-id headers,No SDK. No OTEL propagation. No structured logging. No domain events. No metrics.,P2,Not Started,
/api/configuration/v1/:ns,GET,ConfigurationsController,gethNamespaces,Configuration,Get namespaces.,Cookie/Header (TokenMiddleware),Downstream (CONFIGURATION_SERVICE_URL),Low,Namespace listing.,No,No,Yes,"trace_id, x-span-id, request_id",No,Yes,"request_duration, status_code, downstream_latency",Yes,CONFIGURATION_SERVICE_URL,Morgan HTTP logging + Winston file logs + custom x-trace-id/x-span-id headers,No SDK. No OTEL propagation. No structured logging. No domain events. No metrics.,P3,Not Started,
/api/configuration/v1/schema,POST,ConfigurationsController,createSchema,Configuration,Create schema.,Cookie/Header (TokenMiddleware),Downstream (CONFIGURATION_SERVICE_URL),High,Schema creation.,No,Yes,Yes,"trace_id, x-span-id, request_id",No,Yes,"request_duration, status_code, downstream_latency",Yes,CONFIGURATION_SERVICE_URL,Morgan HTTP logging + Winston file logs + custom x-trace-id/x-span-id headers,No SDK. No OTEL propagation. No structured logging. No domain events. No metrics.,P1,Not Started,
/api/configuration/v1,GET,ConfigurationsController,getSchema,Configuration,Get schema.,Cookie/Header (TokenMiddleware),Downstream (CONFIGURATION_SERVICE_URL),Low,Schema listing.,No,No,Yes,"trace_id, x-span-id, request_id",No,Yes,"request_duration, status_code, downstream_latency",Yes,CONFIGURATION_SERVICE_URL,Morgan HTTP logging + Winston file logs + custom x-trace-id/x-span-id headers,No SDK. No OTEL propagation. No structured logging. No domain events. No metrics.,P3,Not Started,
/api/workflow/v1/entity-schema/list,POST,WorkflowController,getSchemaByEntity,Workflow,Get schemas by entity.,Cookie/Header (TokenMiddleware),Downstream (WORKFLOW_SERVICE_URL),Low,Schema listing.,No,No,Yes,"trace_id, x-span-id, request_id",No,Yes,"request_duration, status_code, downstream_latency",Yes,WORKFLOW_SERVICE_URL,Morgan HTTP logging + Winston file logs + custom x-trace-id/x-span-id headers,No SDK. No OTEL propagation. No structured logging. No domain events. No metrics.,P3,Not Started,
/api/workflow/v1/entity-schema,POST,WorkflowController,createEntitySchema,Workflow,Create entity schema.,Cookie/Header (TokenMiddleware),Downstream (WORKFLOW_SERVICE_URL),High,Schema creation.,No,Yes,Yes,"trace_id, x-span-id, request_id",No,Yes,"request_duration, status_code, downstream_latency",Yes,WORKFLOW_SERVICE_URL,Morgan HTTP logging + Winston file logs + custom x-trace-id/x-span-id headers,No SDK. No OTEL propagation. No structured logging. No domain events. No metrics.,P1,Not Started,
/api/workflow/v1/schemas/:id,GET,WorkflowController,getSchemaById,Workflow,Get schema by ID.,Cookie/Header (TokenMiddleware),Downstream (WORKFLOW_SERVICE_URL),Low,Schema detail.,No,No,Yes,"trace_id, x-span-id, request_id",No,Yes,"request_duration, status_code, downstream_latency",Yes,WORKFLOW_SERVICE_URL,Morgan HTTP logging + Winston file logs + custom x-trace-id/x-span-id headers,No SDK. No OTEL propagation. No structured logging. No domain events. No metrics.,P3,Not Started,
/api/workflow/v1/schemas,POST,WorkflowController,getSchemas,Workflow,Get schemas.,Cookie/Header (TokenMiddleware),Downstream (WORKFLOW_SERVICE_URL),Low,Schema listing.,No,No,Yes,"trace_id, x-span-id, request_id",No,Yes,"request_duration, status_code, downstream_latency",Yes,WORKFLOW_SERVICE_URL,Morgan HTTP logging + Winston file logs + custom x-trace-id/x-span-id headers,No SDK. No OTEL propagation. No structured logging. No domain events. No metrics.,P3,Not Started,
/api/workflow/v1/entities,POST,WorkflowController,getEntities,Workflow,Get entities.,Cookie/Header (TokenMiddleware),Downstream (WORKFLOW_SERVICE_URL),Low,Entity listing.,No,No,Yes,"trace_id, x-span-id, request_id",No,Yes,"request_duration, status_code, downstream_latency",Yes,WORKFLOW_SERVICE_URL,Morgan HTTP logging + Winston file logs + custom x-trace-id/x-span-id headers,No SDK. No OTEL propagation. No structured logging. No domain events. No metrics.,P3,Not Started,
/api/workflow/v1/instance/:id,GET,WorkflowController,getInstanceById,Workflow,Get workflow instance by ID.,Cookie/Header (TokenMiddleware),Downstream (WORKFLOW_SERVICE_URL),Medium,Instance detail.,No,No,Yes,"trace_id, x-span-id, request_id",No,Yes,"request_duration, status_code, downstream_latency",Yes,WORKFLOW_SERVICE_URL,Morgan HTTP logging + Winston file logs + custom x-trace-id/x-span-id headers,No SDK. No OTEL propagation. No structured logging. No domain events. No metrics.,P2,Not Started,
/api/workflow/v1/instance,POST,WorkflowController,getInstanceByEntity,Workflow,Get instance by entity.,Cookie/Header (TokenMiddleware),Downstream (WORKFLOW_SERVICE_URL),Medium,Instance lookup.,No,No,Yes,"trace_id, x-span-id, request_id",No,Yes,"request_duration, status_code, downstream_latency",Yes,WORKFLOW_SERVICE_URL,Morgan HTTP logging + Winston file logs + custom x-trace-id/x-span-id headers,No SDK. No OTEL propagation. No structured logging. No domain events. No metrics.,P2,Not Started,
/api/workflow/v1/instances:start,POST,WorkflowController,startInstance,Workflow,Start workflow instance.,Cookie/Header (TokenMiddleware),Downstream (WORKFLOW_SERVICE_URL),Critical,Workflow initiation.,No,Yes,Yes,"trace_id, x-span-id, request_id",No,Yes,"request_duration, status_code, downstream_latency",Yes,WORKFLOW_SERVICE_URL,Morgan HTTP logging + Winston file logs + custom x-trace-id/x-span-id headers,No SDK. No OTEL propagation. No structured logging. No domain events. No metrics.,P0,Not Started,Colon literal in path
/api/workflow/v1/instances/resume,POST,WorkflowController,resumeInstance,Workflow,Resume workflow instance.,Cookie/Header (TokenMiddleware),Downstream (WORKFLOW_SERVICE_URL),Critical,Workflow resumption.,No,Yes,Yes,"trace_id, x-span-id, request_id",No,Yes,"request_duration, status_code, downstream_latency",Yes,WORKFLOW_SERVICE_URL,Morgan HTTP logging + Winston file logs + custom x-trace-id/x-span-id headers,No SDK. No OTEL propagation. No structured logging. No domain events. No metrics.,P0,Not Started,
/api/workflow/v1/instances/:instanceId/cancel,POST,WorkflowController,cancelInstance,Workflow,Cancel workflow instance.,Cookie/Header (TokenMiddleware),Downstream (WORKFLOW_SERVICE_URL),High,Workflow cancellation.,No,Yes,Yes,"trace_id, x-span-id, request_id",No,Yes,"request_duration, status_code, downstream_latency",Yes,WORKFLOW_SERVICE_URL,Morgan HTTP logging + Winston file logs + custom x-trace-id/x-span-id headers,No SDK. No OTEL propagation. No structured logging. No domain events. No metrics.,P1,Not Started,
/api/workflow/v1/instances/:instanceId/comment,POST,WorkflowController,addComment,Workflow,Add workflow comment.,Cookie/Header (TokenMiddleware),Downstream (WORKFLOW_SERVICE_URL),Medium,Comment creation.,No,No,Yes,"trace_id, x-span-id, request_id",No,Yes,"request_duration, status_code, downstream_latency",Yes,WORKFLOW_SERVICE_URL,Morgan HTTP logging + Winston file logs + custom x-trace-id/x-span-id headers,No SDK. No OTEL propagation. No structured logging. No domain events. No metrics.,P2,Not Started,
/api/workflow/v1/admin/instances/:instanceId/force-complete,POST,WorkflowController,forceCompleteInstance,Workflow,Force complete workflow.,Cookie/Header (TokenMiddleware),Downstream (WORKFLOW_SERVICE_URL),Critical,Admin force-complete — no extra guard.,No,Yes,Yes,"trace_id, x-span-id, request_id",No,Yes,"request_duration, status_code, downstream_latency",Yes,WORKFLOW_SERVICE_URL,Morgan HTTP logging + Winston file logs + custom x-trace-id/x-span-id headers,No SDK. No OTEL propagation. No structured logging. No domain events. No metrics.,P0,Not Started,Admin path but no guard applied
/api/workflow/v1/tasks/actions,POST,WorkflowController,actOnTasksActions,Workflow,Act on task actions (batch).,Cookie/Header (TokenMiddleware),Downstream (WORKFLOW_SERVICE_URL),High,Batch task action.,No,Yes,Yes,"trace_id, x-span-id, request_id",No,Yes,"request_duration, status_code, downstream_latency",Yes,WORKFLOW_SERVICE_URL,Morgan HTTP logging + Winston file logs + custom x-trace-id/x-span-id headers,No SDK. No OTEL propagation. No structured logging. No domain events. No metrics.,P1,Not Started,
/api/workflow/v1/tasks/:id/resume,POST,WorkflowController,resumeTask,Workflow,Resume task.,Cookie/Header (TokenMiddleware),Downstream (WORKFLOW_SERVICE_URL),High,Task resumption.,No,Yes,Yes,"trace_id, x-span-id, request_id",No,Yes,"request_duration, status_code, downstream_latency",Yes,WORKFLOW_SERVICE_URL,Morgan HTTP logging + Winston file logs + custom x-trace-id/x-span-id headers,No SDK. No OTEL propagation. No structured logging. No domain events. No metrics.,P1,Not Started,
/api/workflow/v1/tasks/:id/act,POST,WorkflowController,actOnTask,Workflow,Act on task.,Cookie/Header (TokenMiddleware),Downstream (WORKFLOW_SERVICE_URL),High,Task action.,No,Yes,Yes,"trace_id, x-span-id, request_id",No,Yes,"request_duration, status_code, downstream_latency",Yes,WORKFLOW_SERVICE_URL,Morgan HTTP logging + Winston file logs + custom x-trace-id/x-span-id headers,No SDK. No OTEL propagation. No structured logging. No domain events. No metrics.,P1,Not Started,
/api/workflow/v1/tasks/:taskId/reassign,POST,WorkflowController,reassignTask,Workflow,Reassign task.,Cookie/Header (TokenMiddleware),Downstream (WORKFLOW_SERVICE_URL),High,Task reassignment.,No,Yes,Yes,"trace_id, x-span-id, request_id",No,Yes,"request_duration, status_code, downstream_latency",Yes,WORKFLOW_SERVICE_URL,Morgan HTTP logging + Winston file logs + custom x-trace-id/x-span-id headers,No SDK. No OTEL propagation. No structured logging. No domain events. No metrics.,P1,Not Started,
/api/workflow/v1/tasks,POST,WorkflowController,getTasks,Workflow,Get tasks.,Cookie/Header (TokenMiddleware),Downstream (WORKFLOW_SERVICE_URL),Low,Task listing.,No,No,Yes,"trace_id, x-span-id, request_id",No,Yes,"request_duration, status_code, downstream_latency",Yes,WORKFLOW_SERVICE_URL,Morgan HTTP logging + Winston file logs + custom x-trace-id/x-span-id headers,No SDK. No OTEL propagation. No structured logging. No domain events. No metrics.,P3,Not Started,
/api/workflow/v1/audit/:instanceId,POST,WorkflowController,getAudit,Workflow,Get workflow audit.,Cookie/Header (TokenMiddleware),Downstream (WORKFLOW_SERVICE_URL),Medium,Audit trail.,No,No,Yes,"trace_id, x-span-id, request_id",No,Yes,"request_duration, status_code, downstream_latency",Yes,WORKFLOW_SERVICE_URL,Morgan HTTP logging + Winston file logs + custom x-trace-id/x-span-id headers,No SDK. No OTEL propagation. No structured logging. No domain events. No metrics.,P2,Not Started,
/api/workflow/v1/audit/:instanceId/steps,GET,WorkflowController,getAuditSteps,Workflow,Get audit steps.,Cookie/Header (TokenMiddleware),Downstream (WORKFLOW_SERVICE_URL),Medium,Audit detail.,No,No,Yes,"trace_id, x-span-id, request_id",No,Yes,"request_duration, status_code, downstream_latency",Yes,WORKFLOW_SERVICE_URL,Morgan HTTP logging + Winston file logs + custom x-trace-id/x-span-id headers,No SDK. No OTEL propagation. No structured logging. No domain events. No metrics.,P2,Not Started,
/api/workflow/v1/instances,POST,WorkflowController,getInstancesByEntities,Workflow,Get instances by entities.,Cookie/Header (TokenMiddleware),Downstream (WORKFLOW_SERVICE_URL),Medium,Instance listing.,No,No,Yes,"trace_id, x-span-id, request_id",No,Yes,"request_duration, status_code, downstream_latency",Yes,WORKFLOW_SERVICE_URL,Morgan HTTP logging + Winston file logs + custom x-trace-id/x-span-id headers,No SDK. No OTEL propagation. No structured logging. No domain events. No metrics.,P2,Not Started,
/api/workflow/v1/instances/by-ids,POST,WorkflowController,getInstancesByIds,Workflow,Get instances by IDs.,Cookie/Header (TokenMiddleware),Downstream (WORKFLOW_SERVICE_URL),Medium,Batch instance lookup.,No,No,Yes,"trace_id, x-span-id, request_id",No,Yes,"request_duration, status_code, downstream_latency",Yes,WORKFLOW_SERVICE_URL,Morgan HTTP logging + Winston file logs + custom x-trace-id/x-span-id headers,No SDK. No OTEL propagation. No structured logging. No domain events. No metrics.,P2,Not Started,
/api/tenders/list,POST,TendersController,getTenders,E-Procurement,Get tenders.,Cookie/Header (TokenMiddleware),Downstream (APPLICATION_SERVICE_URL),Medium,Tender listing.,No,No,Yes,"trace_id, x-span-id, request_id",No,Yes,"request_duration, status_code, downstream_latency",Yes,APPLICATION_SERVICE_URL,Morgan HTTP logging + Winston file logs + custom x-trace-id/x-span-id headers,No SDK. No OTEL propagation. No structured logging. No domain events. No metrics.,P2,Not Started,
/api/tenders/department,POST,TendersController,getDepartmentTenders,E-Procurement,Get department tenders.,Cookie/Header (TokenMiddleware),Downstream (APPLICATION_SERVICE_URL),Medium,Department listing.,No,No,Yes,"trace_id, x-span-id, request_id",No,Yes,"request_duration, status_code, downstream_latency",Yes,APPLICATION_SERVICE_URL,Morgan HTTP logging + Winston file logs + custom x-trace-id/x-span-id headers,No SDK. No OTEL propagation. No structured logging. No domain events. No metrics.,P2,Not Started,
/api/tenders/:tenderId/lots/list,POST,TendersController,getTenderLots,E-Procurement,Get tender lots.,Cookie/Header (TokenMiddleware),Downstream (APPLICATION_SERVICE_URL),Medium,Lot listing.,No,No,Yes,"trace_id, x-span-id, request_id",No,Yes,"request_duration, status_code, downstream_latency",Yes,APPLICATION_SERVICE_URL,Morgan HTTP logging + Winston file logs + custom x-trace-id/x-span-id headers,No SDK. No OTEL propagation. No structured logging. No domain events. No metrics.,P2,Not Started,
/api/tenders/lots/department,POST,TendersController,getDepartmentTenderLots,E-Procurement,Get department tender lots.,Cookie/Header (TokenMiddleware),Downstream (APPLICATION_SERVICE_URL),Medium,Department lots.,No,No,Yes,"trace_id, x-span-id, request_id",No,Yes,"request_duration, status_code, downstream_latency",Yes,APPLICATION_SERVICE_URL,Morgan HTTP logging + Winston file logs + custom x-trace-id/x-span-id headers,No SDK. No OTEL propagation. No structured logging. No domain events. No metrics.,P2,Not Started,
/api/tenders/lots,POST,TendersController,getAllTenderLots,E-Procurement,Get all tender lots.,Cookie/Header (TokenMiddleware),Downstream (APPLICATION_SERVICE_URL),Medium,Lot listing.,No,No,Yes,"trace_id, x-span-id, request_id",No,Yes,"request_duration, status_code, downstream_latency",Yes,APPLICATION_SERVICE_URL,Morgan HTTP logging + Winston file logs + custom x-trace-id/x-span-id headers,No SDK. No OTEL propagation. No structured logging. No domain events. No metrics.,P2,Not Started,
/api/tenders/:id,GET,TendersController,getTenderById,E-Procurement,Get tender by ID.,Cookie/Header (TokenMiddleware),Downstream (APPLICATION_SERVICE_URL),Low,Tender detail.,No,No,Yes,"trace_id, x-span-id, request_id",No,Yes,"request_duration, status_code, downstream_latency",Yes,APPLICATION_SERVICE_URL,Morgan HTTP logging + Winston file logs + custom x-trace-id/x-span-id headers,No SDK. No OTEL propagation. No structured logging. No domain events. No metrics.,P3,Not Started,
/api/tenders/:tenderId/lots/:id,GET,TendersController,getTenderLotById,E-Procurement,Get tender lot by ID.,Cookie/Header (TokenMiddleware),Downstream (APPLICATION_SERVICE_URL),Low,Lot detail.,No,No,Yes,"trace_id, x-span-id, request_id",No,Yes,"request_duration, status_code, downstream_latency",Yes,APPLICATION_SERVICE_URL,Morgan HTTP logging + Winston file logs + custom x-trace-id/x-span-id headers,No SDK. No OTEL propagation. No structured logging. No domain events. No metrics.,P3,Not Started,
/api/tenders/:tenderId/lots/:id/documents,GET,TendersController,getTenderLotDocuments,E-Procurement,Get tender lot documents.,Cookie/Header (TokenMiddleware),Downstream (APPLICATION_SERVICE_URL),Low,Document listing.,No,No,Yes,"trace_id, x-span-id, request_id",No,Yes,"request_duration, status_code, downstream_latency",Yes,APPLICATION_SERVICE_URL,Morgan HTTP logging + Winston file logs + custom x-trace-id/x-span-id headers,No SDK. No OTEL propagation. No structured logging. No domain events. No metrics.,P3,Not Started,
/api/tenders,POST,TendersController,createTender,E-Procurement,Create tender.,Cookie/Header (TokenMiddleware),Downstream (APPLICATION_SERVICE_URL),High,Tender creation.,No,Yes,Yes,"trace_id, x-span-id, request_id",No,Yes,"request_duration, status_code, downstream_latency",Yes,APPLICATION_SERVICE_URL,Morgan HTTP logging + Winston file logs + custom x-trace-id/x-span-id headers,No SDK. No OTEL propagation. No structured logging. No domain events. No metrics.,P1,Not Started,
/api/tenders/:tenderId/participations,POST,TendersController,registerParticipation,E-Procurement,Register tender participation.,Cookie/Header (TokenMiddleware),Downstream (APPLICATION_SERVICE_URL),High,Participation registration.,No,Yes,Yes,"trace_id, x-span-id, request_id",No,Yes,"request_duration, status_code, downstream_latency",Yes,APPLICATION_SERVICE_URL,Morgan HTTP logging + Winston file logs + custom x-trace-id/x-span-id headers,No SDK. No OTEL propagation. No structured logging. No domain events. No metrics.,P1,Not Started,
/api/tenders/:tenderId/participations/:partId/fee,POST,TendersController,recordParticipationFee,E-Procurement,Record participation fee.,Cookie/Header (TokenMiddleware),Downstream (APPLICATION_SERVICE_URL),High,Fee recording.,No,Yes,Yes,"trace_id, x-span-id, request_id",Yes — financial data,Yes,"request_duration, status_code, downstream_latency",Yes,APPLICATION_SERVICE_URL,Morgan HTTP logging + Winston file logs + custom x-trace-id/x-span-id headers,No SDK. No OTEL propagation. No structured logging. No domain events. No metrics.,P1,Not Started,
/api/tenders/:tenderId/publications/retract,POST,TendersController,retractTender,E-Procurement,Retract tender publication.,Cookie/Header (TokenMiddleware),Downstream (APPLICATION_SERVICE_URL),Critical,Publication retraction.,No,Yes,Yes,"trace_id, x-span-id, request_id",No,Yes,"request_duration, status_code, downstream_latency",Yes,APPLICATION_SERVICE_URL,Morgan HTTP logging + Winston file logs + custom x-trace-id/x-span-id headers,No SDK. No OTEL propagation. No structured logging. No domain events. No metrics.,P0,Not Started,
/api/tenders/lots/:tenderLotId/publications,POST,TendersController,getTenderLotPublications,E-Procurement,Get lot publications.,Cookie/Header (TokenMiddleware),Downstream (APPLICATION_SERVICE_URL),Medium,Publication listing.,No,No,Yes,"trace_id, x-span-id, request_id",No,Yes,"request_duration, status_code, downstream_latency",Yes,APPLICATION_SERVICE_URL,Morgan HTTP logging + Winston file logs + custom x-trace-id/x-span-id headers,No SDK. No OTEL propagation. No structured logging. No domain events. No metrics.,P2,Not Started,
/api/tenders/:tenderId/publish,POST,TendersController,publishTender,E-Procurement,Publish tender.,Cookie/Header (TokenMiddleware),Downstream (APPLICATION_SERVICE_URL),Critical,Tender publication.,No,Yes,Yes,"trace_id, x-span-id, request_id",No,Yes,"request_duration, status_code, downstream_latency",Yes,APPLICATION_SERVICE_URL,Morgan HTTP logging + Winston file logs + custom x-trace-id/x-span-id headers,No SDK. No OTEL propagation. No structured logging. No domain events. No metrics.,P0,Not Started,
/api/tenders/:id/reopen,POST,TendersController,reopenTender,E-Procurement,Reopen tender.,Cookie/Header (TokenMiddleware),Downstream (APPLICATION_SERVICE_URL),High,Tender reopening.,No,Yes,Yes,"trace_id, x-span-id, request_id",No,Yes,"request_duration, status_code, downstream_latency",Yes,APPLICATION_SERVICE_URL,Morgan HTTP logging + Winston file logs + custom x-trace-id/x-span-id headers,No SDK. No OTEL propagation. No structured logging. No domain events. No metrics.,P1,Not Started,
/api/tenders/:id/close,POST,TendersController,closeTender,E-Procurement,Close tender.,Cookie/Header (TokenMiddleware),Downstream (APPLICATION_SERVICE_URL),High,Tender closing.,No,Yes,Yes,"trace_id, x-span-id, request_id",No,Yes,"request_duration, status_code, downstream_latency",Yes,APPLICATION_SERVICE_URL,Morgan HTTP logging + Winston file logs + custom x-trace-id/x-span-id headers,No SDK. No OTEL propagation. No structured logging. No domain events. No metrics.,P1,Not Started,
/api/tenders/:id,PATCH,TendersController,updateTender,E-Procurement,Update tender.,Cookie/Header (TokenMiddleware),Downstream (APPLICATION_SERVICE_URL),High,Tender update.,No,Yes,Yes,"trace_id, x-span-id, request_id",No,Yes,"request_duration, status_code, downstream_latency",Yes,APPLICATION_SERVICE_URL,Morgan HTTP logging + Winston file logs + custom x-trace-id/x-span-id headers,No SDK. No OTEL propagation. No structured logging. No domain events. No metrics.,P1,Not Started,
/api/tenders/:tenderId/lots,POST,TendersController,createTenderLot,E-Procurement,Create tender lot.,Cookie/Header (TokenMiddleware),Downstream (APPLICATION_SERVICE_URL),High,Lot creation.,No,Yes,Yes,"trace_id, x-span-id, request_id",No,Yes,"request_duration, status_code, downstream_latency",Yes,APPLICATION_SERVICE_URL,Morgan HTTP logging + Winston file logs + custom x-trace-id/x-span-id headers,No SDK. No OTEL propagation. No structured logging. No domain events. No metrics.,P1,Not Started,
/api/tenders/:tenderId/lots/:id,PATCH,TendersController,updateTenderLot,E-Procurement,Update tender lot.,Cookie/Header (TokenMiddleware),Downstream (APPLICATION_SERVICE_URL),High,Lot update.,No,Yes,Yes,"trace_id, x-span-id, request_id",No,Yes,"request_duration, status_code, downstream_latency",Yes,APPLICATION_SERVICE_URL,Morgan HTTP logging + Winston file logs + custom x-trace-id/x-span-id headers,No SDK. No OTEL propagation. No structured logging. No domain events. No metrics.,P1,Not Started,FilesInterceptor
/api/tenders/:tenderId/lots/:id/submit,POST,TendersController,submitTenderLot,E-Procurement,Submit tender lot.,Cookie/Header (TokenMiddleware),Downstream (APPLICATION_SERVICE_URL),Critical,Lot submission.,No,Yes,Yes,"trace_id, x-span-id, request_id",No,Yes,"request_duration, status_code, downstream_latency",Yes,APPLICATION_SERVICE_URL,Morgan HTTP logging + Winston file logs + custom x-trace-id/x-span-id headers,No SDK. No OTEL propagation. No structured logging. No domain events. No metrics.,P0,Not Started,
/api/tenders/:tenderId/lots/:id/resume,POST,TendersController,resumeTenderLot,E-Procurement,Resume tender lot.,Cookie/Header (TokenMiddleware),Downstream (APPLICATION_SERVICE_URL),High,Lot resume.,No,Yes,Yes,"trace_id, x-span-id, request_id",No,Yes,"request_duration, status_code, downstream_latency",Yes,APPLICATION_SERVICE_URL,Morgan HTTP logging + Winston file logs + custom x-trace-id/x-span-id headers,No SDK. No OTEL propagation. No structured logging. No domain events. No metrics.,P1,Not Started,
/api/tenders/:id,DELETE,TendersController,deleteTender,E-Procurement,Delete tender.,Cookie/Header (TokenMiddleware),Downstream (APPLICATION_SERVICE_URL),High,Tender deletion.,No,Yes,Yes,"trace_id, x-span-id, request_id",No,Yes,"request_duration, status_code, downstream_latency",Yes,APPLICATION_SERVICE_URL,Morgan HTTP logging + Winston file logs + custom x-trace-id/x-span-id headers,No SDK. No OTEL propagation. No structured logging. No domain events. No metrics.,P1,Not Started,
/api/tenders/:tenderId/lots/:id,DELETE,TendersController,deleteTenderLot,E-Procurement,Delete tender lot.,Cookie/Header (TokenMiddleware),Downstream (APPLICATION_SERVICE_URL),Medium,Lot deletion.,No,No,Yes,"trace_id, x-span-id, request_id",No,Yes,"request_duration, status_code, downstream_latency",Yes,APPLICATION_SERVICE_URL,Morgan HTTP logging + Winston file logs + custom x-trace-id/x-span-id headers,No SDK. No OTEL propagation. No structured logging. No domain events. No metrics.,P2,Not Started,
/api/tenders/:tenderId/lots/:id/add-docs,PUT,TendersController,addTenderLotDocument,E-Procurement,Add tender lot documents.,Cookie/Header (TokenMiddleware),Downstream (APPLICATION_SERVICE_URL),Medium,Document upload.,No,No,Yes,"trace_id, x-span-id, request_id",No,Yes,"request_duration, status_code, downstream_latency",Yes,APPLICATION_SERVICE_URL,Morgan HTTP logging + Winston file logs + custom x-trace-id/x-span-id headers,No SDK. No OTEL propagation. No structured logging. No domain events. No metrics.,P2,Not Started,FilesInterceptor
/api/public/tenders/list,POST,TendersPublicController,getPublishedTenders,E-Procurement,Get published tenders (public).,Cookie/Header (TokenMiddleware),Downstream (APPLICATION_SERVICE_URL),Low,Public tender listing.,No,No,Yes,"trace_id, x-span-id, request_id",No,Yes,"request_duration, status_code, downstream_latency",Yes,APPLICATION_SERVICE_URL,Morgan HTTP logging + Winston file logs + custom x-trace-id/x-span-id headers,No SDK. No OTEL propagation. No structured logging. No domain events. No metrics.,P3,Not Started,Explicitly public — no auth
/api/public/tenders/lots/list,POST,TendersPublicController,getPublishedTenderLots,E-Procurement,Get published tender lots (public).,Cookie/Header (TokenMiddleware),Downstream (APPLICATION_SERVICE_URL),Low,Public lot listing.,No,No,Yes,"trace_id, x-span-id, request_id",No,Yes,"request_duration, status_code, downstream_latency",Yes,APPLICATION_SERVICE_URL,Morgan HTTP logging + Winston file logs + custom x-trace-id/x-span-id headers,No SDK. No OTEL propagation. No structured logging. No domain events. No metrics.,P3,Not Started,
/api/public/tenders/lots/:id,GET,TendersPublicController,getPublishedTenderLotById,E-Procurement,Get published lot by ID (public).,Cookie/Header (TokenMiddleware),Downstream (APPLICATION_SERVICE_URL),Low,Public lot detail.,No,No,Yes,"trace_id, x-span-id, request_id",No,Yes,"request_duration, status_code, downstream_latency",Yes,APPLICATION_SERVICE_URL,Morgan HTTP logging + Winston file logs + custom x-trace-id/x-span-id headers,No SDK. No OTEL propagation. No structured logging. No domain events. No metrics.,P3,Not Started,
/api/public/tenders/:id,GET,TendersPublicController,getPublishedTenderById,E-Procurement,Get published tender by ID (public).,Cookie/Header (TokenMiddleware),Downstream (APPLICATION_SERVICE_URL),Low,Public tender detail.,No,No,Yes,"trace_id, x-span-id, request_id",No,Yes,"request_duration, status_code, downstream_latency",Yes,APPLICATION_SERVICE_URL,Morgan HTTP logging + Winston file logs + custom x-trace-id/x-span-id headers,No SDK. No OTEL propagation. No structured logging. No domain events. No metrics.,P3,Not Started,
/api/public/tenders/publications/list,POST,TendersPublicController,getPublishedTenderLotPublications,E-Procurement,Get publications (public).,Cookie/Header (TokenMiddleware),Downstream (APPLICATION_SERVICE_URL),Low,Public publications.,No,No,Yes,"trace_id, x-span-id, request_id",No,Yes,"request_duration, status_code, downstream_latency",Yes,APPLICATION_SERVICE_URL,Morgan HTTP logging + Winston file logs + custom x-trace-id/x-span-id headers,No SDK. No OTEL propagation. No structured logging. No domain events. No metrics.,P3,Not Started,
/api/internal/tenders/process-scheduled-publications,POST,InternalTendersController,processScheduledPublications,E-Procurement,Process scheduled tender publications.,Cookie/Header (TokenMiddleware),Downstream (APPLICATION_SERVICE_URL),Critical,Cron/system job.,No,Yes,Yes,"trace_id, x-span-id, request_id",No,Yes,"request_duration, status_code, downstream_latency",Yes,APPLICATION_SERVICE_URL,Morgan HTTP logging + Winston file logs + custom x-trace-id/x-span-id headers,No SDK. No OTEL propagation. No structured logging. No domain events. No metrics.,P0,Not Started,Protected by x-internal-key (validated downstream)
/api/requisitions/list,POST,RequisitionsController,getRequisitions,E-Procurement,Get requisitions.,Cookie/Header (TokenMiddleware),Downstream (APPLICATION_SERVICE_URL),Medium,Requisition listing.,No,No,Yes,"trace_id, x-span-id, request_id",No,Yes,"request_duration, status_code, downstream_latency",Yes,APPLICATION_SERVICE_URL,Morgan HTTP logging + Winston file logs + custom x-trace-id/x-span-id headers,No SDK. No OTEL propagation. No structured logging. No domain events. No metrics.,P2,Not Started,
/api/requisitions/department,POST,RequisitionsController,getDepartmentRequisitions,E-Procurement,Get department requisitions.,Cookie/Header (TokenMiddleware),Downstream (APPLICATION_SERVICE_URL),Medium,Department listing.,No,No,Yes,"trace_id, x-span-id, request_id",No,Yes,"request_duration, status_code, downstream_latency",Yes,APPLICATION_SERVICE_URL,Morgan HTTP logging + Winston file logs + custom x-trace-id/x-span-id headers,No SDK. No OTEL propagation. No structured logging. No domain events. No metrics.,P2,Not Started,
/api/requisitions/:requisitionId/lines/list,POST,RequisitionsController,getRequisitionLines,E-Procurement,Get requisition lines.,Cookie/Header (TokenMiddleware),Downstream (APPLICATION_SERVICE_URL),Medium,Line listing.,No,No,Yes,"trace_id, x-span-id, request_id",No,Yes,"request_duration, status_code, downstream_latency",Yes,APPLICATION_SERVICE_URL,Morgan HTTP logging + Winston file logs + custom x-trace-id/x-span-id headers,No SDK. No OTEL propagation. No structured logging. No domain events. No metrics.,P2,Not Started,
/api/requisitions/lines/department,POST,RequisitionsController,getDepartmentRequisitionLines,E-Procurement,Get department requisition lines.,Cookie/Header (TokenMiddleware),Downstream (APPLICATION_SERVICE_URL),Medium,Department lines.,No,No,Yes,"trace_id, x-span-id, request_id",No,Yes,"request_duration, status_code, downstream_latency",Yes,APPLICATION_SERVICE_URL,Morgan HTTP logging + Winston file logs + custom x-trace-id/x-span-id headers,No SDK. No OTEL propagation. No structured logging. No domain events. No metrics.,P2,Not Started,
/api/requisitions/lines,POST,RequisitionsController,getAllRequisitionLines,E-Procurement,Get all requisition lines.,Cookie/Header (TokenMiddleware),Downstream (APPLICATION_SERVICE_URL),Medium,Line listing.,No,No,Yes,"trace_id, x-span-id, request_id",No,Yes,"request_duration, status_code, downstream_latency",Yes,APPLICATION_SERVICE_URL,Morgan HTTP logging + Winston file logs + custom x-trace-id/x-span-id headers,No SDK. No OTEL propagation. No structured logging. No domain events. No metrics.,P2,Not Started,
/api/requisitions/:id,GET,RequisitionsController,getRequisitionById,E-Procurement,Get requisition by ID.,Cookie/Header (TokenMiddleware),Downstream (APPLICATION_SERVICE_URL),Low,Requisition detail.,No,No,Yes,"trace_id, x-span-id, request_id",No,Yes,"request_duration, status_code, downstream_latency",Yes,APPLICATION_SERVICE_URL,Morgan HTTP logging + Winston file logs + custom x-trace-id/x-span-id headers,No SDK. No OTEL propagation. No structured logging. No domain events. No metrics.,P3,Not Started,
/api/requisitions/:requisitionId/lines/:id,GET,RequisitionsController,getRequisitionLineById,E-Procurement,Get requisition line by ID.,Cookie/Header (TokenMiddleware),Downstream (APPLICATION_SERVICE_URL),Low,Line detail.,No,No,Yes,"trace_id, x-span-id, request_id",No,Yes,"request_duration, status_code, downstream_latency",Yes,APPLICATION_SERVICE_URL,Morgan HTTP logging + Winston file logs + custom x-trace-id/x-span-id headers,No SDK. No OTEL propagation. No structured logging. No domain events. No metrics.,P3,Not Started,
/api/requisitions/:requisitionId/lines/:id/documents,GET,RequisitionsController,getRequisitionLineDocuments,E-Procurement,Get requisition line documents.,Cookie/Header (TokenMiddleware),Downstream (APPLICATION_SERVICE_URL),Low,Line documents.,No,No,Yes,"trace_id, x-span-id, request_id",No,Yes,"request_duration, status_code, downstream_latency",Yes,APPLICATION_SERVICE_URL,Morgan HTTP logging + Winston file logs + custom x-trace-id/x-span-id headers,No SDK. No OTEL propagation. No structured logging. No domain events. No metrics.,P3,Not Started,
/api/requisitions/:requisitionId/lines/:id/allocation,GET,RequisitionsController,getRequisitionLineAllocation,E-Procurement,Get requisition line allocation.,Cookie/Header (TokenMiddleware),Downstream (APPLICATION_SERVICE_URL),Medium,Budget allocation.,No,No,Yes,"trace_id, x-span-id, request_id",Yes — financial data,Yes,"request_duration, status_code, downstream_latency",Yes,APPLICATION_SERVICE_URL,Morgan HTTP logging + Winston file logs + custom x-trace-id/x-span-id headers,No SDK. No OTEL propagation. No structured logging. No domain events. No metrics.,P2,Not Started,
/api/requisitions,POST,RequisitionsController,createRequisition,E-Procurement,Create requisition.,Cookie/Header (TokenMiddleware),Downstream (APPLICATION_SERVICE_URL),High,Requisition creation.,No,Yes,Yes,"trace_id, x-span-id, request_id",No,Yes,"request_duration, status_code, downstream_latency",Yes,APPLICATION_SERVICE_URL,Morgan HTTP logging + Winston file logs + custom x-trace-id/x-span-id headers,No SDK. No OTEL propagation. No structured logging. No domain events. No metrics.,P1,Not Started,
/api/requisitions/our-requisitions,POST,RequisitionsController,getOurRequisitions,E-Procurement,Get our requisitions.,Cookie/Header (TokenMiddleware),Downstream (APPLICATION_SERVICE_URL),Medium,Self-service listing.,No,No,Yes,"trace_id, x-span-id, request_id",No,Yes,"request_duration, status_code, downstream_latency",Yes,APPLICATION_SERVICE_URL,Morgan HTTP logging + Winston file logs + custom x-trace-id/x-span-id headers,No SDK. No OTEL propagation. No structured logging. No domain events. No metrics.,P2,Not Started,
/api/requisitions/:requisitionId/lines,POST,RequisitionsController,createRequisitionLine,E-Procurement,Create requisition line.,Cookie/Header (TokenMiddleware),Downstream (APPLICATION_SERVICE_URL),High,Line creation.,No,Yes,Yes,"trace_id, x-span-id, request_id",No,Yes,"request_duration, status_code, downstream_latency",Yes,APPLICATION_SERVICE_URL,Morgan HTTP logging + Winston file logs + custom x-trace-id/x-span-id headers,No SDK. No OTEL propagation. No structured logging. No domain events. No metrics.,P1,Not Started,FilesInterceptor
/api/requisitions/:requisitionId/lines/:id/submit,POST,RequisitionsController,submitRequisitionLine,E-Procurement,Submit requisition line.,Cookie/Header (TokenMiddleware),Downstream (APPLICATION_SERVICE_URL),Critical,Line submission.,No,Yes,Yes,"trace_id, x-span-id, request_id",No,Yes,"request_duration, status_code, downstream_latency",Yes,APPLICATION_SERVICE_URL,Morgan HTTP logging + Winston file logs + custom x-trace-id/x-span-id headers,No SDK. No OTEL propagation. No structured logging. No domain events. No metrics.,P0,Not Started,
/api/requisitions/:requisitionId/lines/:id/resume,POST,RequisitionsController,resumeRequisitionLine,E-Procurement,Resume requisition line.,Cookie/Header (TokenMiddleware),Downstream (APPLICATION_SERVICE_URL),High,Line resume.,No,Yes,Yes,"trace_id, x-span-id, request_id",No,Yes,"request_duration, status_code, downstream_latency",Yes,APPLICATION_SERVICE_URL,Morgan HTTP logging + Winston file logs + custom x-trace-id/x-span-id headers,No SDK. No OTEL propagation. No structured logging. No domain events. No metrics.,P1,Not Started,
/api/requisitions/:id/reopen,POST,RequisitionsController,reopenRequisition,E-Procurement,Reopen requisition.,Cookie/Header (TokenMiddleware),Downstream (APPLICATION_SERVICE_URL),High,Requisition reopening.,No,Yes,Yes,"trace_id, x-span-id, request_id",No,Yes,"request_duration, status_code, downstream_latency",Yes,APPLICATION_SERVICE_URL,Morgan HTTP logging + Winston file logs + custom x-trace-id/x-span-id headers,No SDK. No OTEL propagation. No structured logging. No domain events. No metrics.,P1,Not Started,
/api/requisitions/:id/close,POST,RequisitionsController,closeRequisition,E-Procurement,Close requisition.,Cookie/Header (TokenMiddleware),Downstream (APPLICATION_SERVICE_URL),High,Requisition closing.,No,Yes,Yes,"trace_id, x-span-id, request_id",No,Yes,"request_duration, status_code, downstream_latency",Yes,APPLICATION_SERVICE_URL,Morgan HTTP logging + Winston file logs + custom x-trace-id/x-span-id headers,No SDK. No OTEL propagation. No structured logging. No domain events. No metrics.,P1,Not Started,
/api/requisitions/:id,PATCH,RequisitionsController,updateRequisition,E-Procurement,Update requisition.,Cookie/Header (TokenMiddleware),Downstream (APPLICATION_SERVICE_URL),High,Requisition update.,No,Yes,Yes,"trace_id, x-span-id, request_id",No,Yes,"request_duration, status_code, downstream_latency",Yes,APPLICATION_SERVICE_URL,Morgan HTTP logging + Winston file logs + custom x-trace-id/x-span-id headers,No SDK. No OTEL propagation. No structured logging. No domain events. No metrics.,P1,Not Started,
/api/requisitions/:requisitionId/lines/:id,PATCH,RequisitionsController,updateRequisitionLine,E-Procurement,Update requisition line.,Cookie/Header (TokenMiddleware),Downstream (APPLICATION_SERVICE_URL),Medium,Line update.,No,No,Yes,"trace_id, x-span-id, request_id",No,Yes,"request_duration, status_code, downstream_latency",Yes,APPLICATION_SERVICE_URL,Morgan HTTP logging + Winston file logs + custom x-trace-id/x-span-id headers,No SDK. No OTEL propagation. No structured logging. No domain events. No metrics.,P2,Not Started,
/api/requisitions/:id,DELETE,RequisitionsController,deleteRequisition,E-Procurement,Delete requisition.,Cookie/Header (TokenMiddleware),Downstream (APPLICATION_SERVICE_URL),Medium,Requisition deletion.,No,No,Yes,"trace_id, x-span-id, request_id",No,Yes,"request_duration, status_code, downstream_latency",Yes,APPLICATION_SERVICE_URL,Morgan HTTP logging + Winston file logs + custom x-trace-id/x-span-id headers,No SDK. No OTEL propagation. No structured logging. No domain events. No metrics.,P2,Not Started,
/api/requisitions/:requisitionId/lines/:id,DELETE,RequisitionsController,deleteRequisitionLine,E-Procurement,Delete requisition line.,Cookie/Header (TokenMiddleware),Downstream (APPLICATION_SERVICE_URL),Medium,Line deletion.,No,No,Yes,"trace_id, x-span-id, request_id",No,Yes,"request_duration, status_code, downstream_latency",Yes,APPLICATION_SERVICE_URL,Morgan HTTP logging + Winston file logs + custom x-trace-id/x-span-id headers,No SDK. No OTEL propagation. No structured logging. No domain events. No metrics.,P2,Not Started,
/api/requisitions/:requisitionId/lines/:id/add-docs,PUT,RequisitionsController,addRequisitionLineDocument,E-Procurement,Add requisition line documents.,Cookie/Header (TokenMiddleware),Downstream (APPLICATION_SERVICE_URL),Medium,Document upload.,No,No,Yes,"trace_id, x-span-id, request_id",No,Yes,"request_duration, status_code, downstream_latency",Yes,APPLICATION_SERVICE_URL,Morgan HTTP logging + Winston file logs + custom x-trace-id/x-span-id headers,No SDK. No OTEL propagation. No structured logging. No domain events. No metrics.,P2,Not Started,FilesInterceptor
/api/tenders/:tenderId/lots/:lotId/clarifications,POST,ClarificationsController,submitClarification,E-Procurement,Submit tender clarification.,Cookie/Header (TokenMiddleware),Downstream (APPLICATION_SERVICE_URL),High,Clarification submission.,No,Yes,Yes,"trace_id, x-span-id, request_id",No,Yes,"request_duration, status_code, downstream_latency",Yes,APPLICATION_SERVICE_URL,Morgan HTTP logging + Winston file logs + custom x-trace-id/x-span-id headers,No SDK. No OTEL propagation. No structured logging. No domain events. No metrics.,P1,Not Started,
/api/tenders/:tenderId/lots/:lotId/clarifications/list,POST,ClarificationsController,getClarifications,E-Procurement,Get clarifications.,Cookie/Header (TokenMiddleware),Downstream (APPLICATION_SERVICE_URL),Low,Clarification listing.,No,No,Yes,"trace_id, x-span-id, request_id",No,Yes,"request_duration, status_code, downstream_latency",Yes,APPLICATION_SERVICE_URL,Morgan HTTP logging + Winston file logs + custom x-trace-id/x-span-id headers,No SDK. No OTEL propagation. No structured logging. No domain events. No metrics.,P3,Not Started,
/api/tenders/:tenderId/lots/:lotId/clarifications/:clarificationId,GET,ClarificationsController,getClarificationById,E-Procurement,Get clarification by ID.,Cookie/Header (TokenMiddleware),Downstream (APPLICATION_SERVICE_URL),Low,Clarification detail.,No,No,Yes,"trace_id, x-span-id, request_id",No,Yes,"request_duration, status_code, downstream_latency",Yes,APPLICATION_SERVICE_URL,Morgan HTTP logging + Winston file logs + custom x-trace-id/x-span-id headers,No SDK. No OTEL propagation. No structured logging. No domain events. No metrics.,P3,Not Started,
/api/public/tenders/:tenderId/lots/:lotId/clarifications/list,POST,ClarificationsPublicController,getClarifications,E-Procurement,Get clarifications (public).,Cookie/Header (TokenMiddleware),Downstream (APPLICATION_SERVICE_URL),Low,Public clarifications.,No,No,Yes,"trace_id, x-span-id, request_id",No,Yes,"request_duration, status_code, downstream_latency",Yes,APPLICATION_SERVICE_URL,Morgan HTTP logging + Winston file logs + custom x-trace-id/x-span-id headers,No SDK. No OTEL propagation. No structured logging. No domain events. No metrics.,P3,Not Started,
/api/public/tenders/:tenderId/lots/:lotId/clarifications/:clarificationId,GET,ClarificationsPublicController,getClarificationById,E-Procurement,Get clarification (public).,Cookie/Header (TokenMiddleware),Downstream (APPLICATION_SERVICE_URL),Low,Public clarification detail.,No,No,Yes,"trace_id, x-span-id, request_id",No,Yes,"request_duration, status_code, downstream_latency",Yes,APPLICATION_SERVICE_URL,Morgan HTTP logging + Winston file logs + custom x-trace-id/x-span-id headers,No SDK. No OTEL propagation. No structured logging. No domain events. No metrics.,P3,Not Started,
/api/tenders/:tenderId/evaluations,POST,EvaluationController,createEvaluationSessions,E-Procurement,Create evaluation sessions.,Cookie/Header (TokenMiddleware),Downstream (APPLICATION_SERVICE_URL),High,Evaluation session creation.,No,Yes,Yes,"trace_id, x-span-id, request_id",No,Yes,"request_duration, status_code, downstream_latency",Yes,APPLICATION_SERVICE_URL,Morgan HTTP logging + Winston file logs + custom x-trace-id/x-span-id headers,No SDK. No OTEL propagation. No structured logging. No domain events. No metrics.,P1,Not Started,
/api/tenders/:tenderId/lots/:lotId/evaluation,POST,EvaluationController,getTenderLotEvaluation,E-Procurement,Get tender lot evaluation.,Cookie/Header (TokenMiddleware),Downstream (APPLICATION_SERVICE_URL),Medium,Evaluation view.,No,No,Yes,"trace_id, x-span-id, request_id",No,Yes,"request_duration, status_code, downstream_latency",Yes,APPLICATION_SERVICE_URL,Morgan HTTP logging + Winston file logs + custom x-trace-id/x-span-id headers,No SDK. No OTEL propagation. No structured logging. No domain events. No metrics.,P2,Not Started,
/api/tenders/:tenderId/evaluations/:evaluationId/criteria/list,POST,EvaluationController,getEvaluationCriteria,E-Procurement,Get evaluation criteria.,Cookie/Header (TokenMiddleware),Downstream (APPLICATION_SERVICE_URL),Medium,Criteria listing.,No,No,Yes,"trace_id, x-span-id, request_id",No,Yes,"request_duration, status_code, downstream_latency",Yes,APPLICATION_SERVICE_URL,Morgan HTTP logging + Winston file logs + custom x-trace-id/x-span-id headers,No SDK. No OTEL propagation. No structured logging. No domain events. No metrics.,P2,Not Started,
/api/tenders/:tenderId/evaluations/:evaluationId/scores/list,POST,EvaluationController,getEvaluationScores,E-Procurement,Get evaluation scores.,Cookie/Header (TokenMiddleware),Downstream (APPLICATION_SERVICE_URL),Medium,Score listing.,No,No,Yes,"trace_id, x-span-id, request_id",No,Yes,"request_duration, status_code, downstream_latency",Yes,APPLICATION_SERVICE_URL,Morgan HTTP logging + Winston file logs + custom x-trace-id/x-span-id headers,No SDK. No OTEL propagation. No structured logging. No domain events. No metrics.,P2,Not Started,
/api/tenders/:tenderId/lots/:lotId/award,POST,EvaluationController,getTenderLotAward,E-Procurement,Get tender lot award.,Cookie/Header (TokenMiddleware),Downstream (APPLICATION_SERVICE_URL),Medium,Award view.,No,No,Yes,"trace_id, x-span-id, request_id",No,Yes,"request_duration, status_code, downstream_latency",Yes,APPLICATION_SERVICE_URL,Morgan HTTP logging + Winston file logs + custom x-trace-id/x-span-id headers,No SDK. No OTEL propagation. No structured logging. No domain events. No metrics.,P2,Not Started,
/api/tenders/:tenderId/lots/:lotId/award/history/list,POST,EvaluationController,getTenderLotAwardHistory,E-Procurement,Get award history.,Cookie/Header (TokenMiddleware),Downstream (APPLICATION_SERVICE_URL),Medium,Award history.,No,No,Yes,"trace_id, x-span-id, request_id",No,Yes,"request_duration, status_code, downstream_latency",Yes,APPLICATION_SERVICE_URL,Morgan HTTP logging + Winston file logs + custom x-trace-id/x-span-id headers,No SDK. No OTEL propagation. No structured logging. No domain events. No metrics.,P2,Not Started,
/api/tenders/bids/:bidId/scores/list,POST,EvaluationController,getBidScoresByCriteria,E-Procurement,Get bid scores by criteria.,Cookie/Header (TokenMiddleware),Downstream (APPLICATION_SERVICE_URL),Medium,Score detail.,No,No,Yes,"trace_id, x-span-id, request_id",No,Yes,"request_duration, status_code, downstream_latency",Yes,APPLICATION_SERVICE_URL,Morgan HTTP logging + Winston file logs + custom x-trace-id/x-span-id headers,No SDK. No OTEL propagation. No structured logging. No domain events. No metrics.,P2,Not Started,
/api/tenders/:tenderId/evaluations/:evaluationId/criteria,POST,EvaluationController,defineEvaluationCriteria,E-Procurement,Define evaluation criteria.,Cookie/Header (TokenMiddleware),Downstream (APPLICATION_SERVICE_URL),High,Criteria definition.,No,Yes,Yes,"trace_id, x-span-id, request_id",No,Yes,"request_duration, status_code, downstream_latency",Yes,APPLICATION_SERVICE_URL,Morgan HTTP logging + Winston file logs + custom x-trace-id/x-span-id headers,No SDK. No OTEL propagation. No structured logging. No domain events. No metrics.,P1,Not Started,
/api/tenders/:tenderId/evaluations/:evaluationId/criteria/:criterionId,PATCH,EvaluationController,updateEvaluationCriterion,E-Procurement,Update evaluation criterion.,Cookie/Header (TokenMiddleware),Downstream (APPLICATION_SERVICE_URL),High,Criterion update.,No,Yes,Yes,"trace_id, x-span-id, request_id",No,Yes,"request_duration, status_code, downstream_latency",Yes,APPLICATION_SERVICE_URL,Morgan HTTP logging + Winston file logs + custom x-trace-id/x-span-id headers,No SDK. No OTEL propagation. No structured logging. No domain events. No metrics.,P1,Not Started,
/api/tenders/:tenderId/evaluations/:evaluationId/criteria/:criterionId,DELETE,EvaluationController,deleteEvaluationCriterion,E-Procurement,Delete evaluation criterion.,Cookie/Header (TokenMiddleware),Downstream (APPLICATION_SERVICE_URL),Medium,Criterion deletion.,No,No,Yes,"trace_id, x-span-id, request_id",No,Yes,"request_duration, status_code, downstream_latency",Yes,APPLICATION_SERVICE_URL,Morgan HTTP logging + Winston file logs + custom x-trace-id/x-span-id headers,No SDK. No OTEL propagation. No structured logging. No domain events. No metrics.,P2,Not Started,
/api/tenders/:tenderId/evaluations/:evaluationId/submit,POST,EvaluationController,submitEvaluationSession,E-Procurement,Submit evaluation session.,Cookie/Header (TokenMiddleware),Downstream (APPLICATION_SERVICE_URL),Critical,Evaluation submission.,No,Yes,Yes,"trace_id, x-span-id, request_id",No,Yes,"request_duration, status_code, downstream_latency",Yes,APPLICATION_SERVICE_URL,Morgan HTTP logging + Winston file logs + custom x-trace-id/x-span-id headers,No SDK. No OTEL propagation. No structured logging. No domain events. No metrics.,P0,Not Started,
/api/tenders/:tenderId/evaluations/:evaluationId/scores,POST,EvaluationController,submitBidScore,E-Procurement,Submit bid score.,Cookie/Header (TokenMiddleware),Downstream (APPLICATION_SERVICE_URL),High,Score submission.,No,Yes,Yes,"trace_id, x-span-id, request_id",No,Yes,"request_duration, status_code, downstream_latency",Yes,APPLICATION_SERVICE_URL,Morgan HTTP logging + Winston file logs + custom x-trace-id/x-span-id headers,No SDK. No OTEL propagation. No structured logging. No domain events. No metrics.,P1,Not Started,
/api/tenders/:tenderId/evaluations/:evaluationId/scores/:scoreId,PATCH,EvaluationController,updateBidScore,E-Procurement,Update bid score.,Cookie/Header (TokenMiddleware),Downstream (APPLICATION_SERVICE_URL),High,Score update.,No,Yes,Yes,"trace_id, x-span-id, request_id",No,Yes,"request_duration, status_code, downstream_latency",Yes,APPLICATION_SERVICE_URL,Morgan HTTP logging + Winston file logs + custom x-trace-id/x-span-id headers,No SDK. No OTEL propagation. No structured logging. No domain events. No metrics.,P1,Not Started,
/api/tenders/:tenderId/evaluations/:evaluationId/complete,POST,EvaluationController,completeEvaluationSession,E-Procurement,Complete evaluation session.,Cookie/Header (TokenMiddleware),Downstream (APPLICATION_SERVICE_URL),Critical,Evaluation completion.,No,Yes,Yes,"trace_id, x-span-id, request_id",No,Yes,"request_duration, status_code, downstream_latency",Yes,APPLICATION_SERVICE_URL,Morgan HTTP logging + Winston file logs + custom x-trace-id/x-span-id headers,No SDK. No OTEL propagation. No structured logging. No domain events. No metrics.,P0,Not Started,
/api/tenders/:tenderId/evaluations/:evaluationId/award,POST,EvaluationController,recommendAward,E-Procurement,Recommend award.,Cookie/Header (TokenMiddleware),Downstream (APPLICATION_SERVICE_URL),Critical,Award recommendation.,No,Yes,Yes,"trace_id, x-span-id, request_id",Yes — financial data,Yes,"request_duration, status_code, downstream_latency",Yes,APPLICATION_SERVICE_URL,Morgan HTTP logging + Winston file logs + custom x-trace-id/x-span-id headers,No SDK. No OTEL propagation. No structured logging. No domain events. No metrics.,P0,Not Started,
/api/tenders/:tenderId/evaluations/:evaluationId/award/:awardId/resume,POST,EvaluationController,resumeAward,E-Procurement,Resume award.,Cookie/Header (TokenMiddleware),Downstream (APPLICATION_SERVICE_URL),High,Award resume.,No,Yes,Yes,"trace_id, x-span-id, request_id",No,Yes,"request_duration, status_code, downstream_latency",Yes,APPLICATION_SERVICE_URL,Morgan HTTP logging + Winston file logs + custom x-trace-id/x-span-id headers,No SDK. No OTEL propagation. No structured logging. No domain events. No metrics.,P1,Not Started,
/api/internal/tat/check,POST,InternalProcurementTatController,checkTat,E-Procurement,Check TAT compliance.,Cookie/Header (TokenMiddleware),Downstream (APPLICATION_SERVICE_URL),Critical,TAT monitoring — cron job.,No,Yes,Yes,"trace_id, x-span-id, request_id",No,Yes,"request_duration, status_code, downstream_latency",Yes,APPLICATION_SERVICE_URL,Morgan HTTP logging + Winston file logs + custom x-trace-id/x-span-id headers,No SDK. No OTEL propagation. No structured logging. No domain events. No metrics.,P0,Not Started,Internal endpoint
/api/internal/tat/bids/opening,POST,InternalProcurementTatController,openSubmittedBids,E-Procurement,Open submitted bids.,Cookie/Header (TokenMiddleware),Downstream (APPLICATION_SERVICE_URL),Critical,Bid opening — cron job.,No,Yes,Yes,"trace_id, x-span-id, request_id",No,Yes,"request_duration, status_code, downstream_latency",Yes,APPLICATION_SERVICE_URL,Morgan HTTP logging + Winston file logs + custom x-trace-id/x-span-id headers,No SDK. No OTEL propagation. No structured logging. No domain events. No metrics.,P0,Not Started,Internal endpoint
/api/procurement-plan/create,POST,ProcurementPlanController,create,E-Procurement,Create procurement plan.,Cookie/Header (TokenMiddleware),Downstream (APPLICATION_SERVICE_URL),High,Plan creation.,No,Yes,Yes,"trace_id, x-span-id, request_id",No,Yes,"request_duration, status_code, downstream_latency",Yes,APPLICATION_SERVICE_URL,Morgan HTTP logging + Winston file logs + custom x-trace-id/x-span-id headers,No SDK. No OTEL propagation. No structured logging. No domain events. No metrics.,P1,Not Started,FilesInterceptor. Dual @Controller decorator (bug)
/api/procurement-plan/bulk-create,POST,ProcurementPlanController,createBulk,E-Procurement,Bulk create plans.,Cookie/Header (TokenMiddleware),Downstream (APPLICATION_SERVICE_URL),High,Bulk plan creation.,No,Yes,Yes,"trace_id, x-span-id, request_id",No,Yes,"request_duration, status_code, downstream_latency",Yes,APPLICATION_SERVICE_URL,Morgan HTTP logging + Winston file logs + custom x-trace-id/x-span-id headers,No SDK. No OTEL propagation. No structured logging. No domain events. No metrics.,P1,Not Started,
/api/procurement-plan/items/:id,PATCH,ProcurementPlanController,updateItem,E-Procurement,Update plan item.,Cookie/Header (TokenMiddleware),Downstream (APPLICATION_SERVICE_URL),Medium,Item update.,No,No,Yes,"trace_id, x-span-id, request_id",No,Yes,"request_duration, status_code, downstream_latency",Yes,APPLICATION_SERVICE_URL,Morgan HTTP logging + Winston file logs + custom x-trace-id/x-span-id headers,No SDK. No OTEL propagation. No structured logging. No domain events. No metrics.,P2,Not Started,
/api/procurement-plan/:planItemId/submit,POST,ProcurementPlanController,submit,E-Procurement,Submit plan item.,Cookie/Header (TokenMiddleware),Downstream (APPLICATION_SERVICE_URL),Critical,Plan item submission.,No,Yes,Yes,"trace_id, x-span-id, request_id",No,Yes,"request_duration, status_code, downstream_latency",Yes,APPLICATION_SERVICE_URL,Morgan HTTP logging + Winston file logs + custom x-trace-id/x-span-id headers,No SDK. No OTEL propagation. No structured logging. No domain events. No metrics.,P0,Not Started,
/api/procurement-plan/items/:planItemId/resume,POST,ProcurementPlanController,resume,E-Procurement,Resume plan item.,Cookie/Header (TokenMiddleware),Downstream (APPLICATION_SERVICE_URL),High,Plan item resume.,No,Yes,Yes,"trace_id, x-span-id, request_id",No,Yes,"request_duration, status_code, downstream_latency",Yes,APPLICATION_SERVICE_URL,Morgan HTTP logging + Winston file logs + custom x-trace-id/x-span-id headers,No SDK. No OTEL propagation. No structured logging. No domain events. No metrics.,P1,Not Started,
/api/procurement-plan/all,POST,ProcurementPlanController,findAll,E-Procurement,Get all procurement plans.,Cookie/Header (TokenMiddleware),Downstream (APPLICATION_SERVICE_URL),Medium,Plan listing.,No,No,Yes,"trace_id, x-span-id, request_id",No,Yes,"request_duration, status_code, downstream_latency",Yes,APPLICATION_SERVICE_URL,Morgan HTTP logging + Winston file logs + custom x-trace-id/x-span-id headers,No SDK. No OTEL propagation. No structured logging. No domain events. No metrics.,P2,Not Started,
/api/procurement-plan/:id,GET,ProcurementPlanController,findOne,E-Procurement,Get procurement plan by ID.,Cookie/Header (TokenMiddleware),Downstream (APPLICATION_SERVICE_URL),Low,Plan detail.,No,No,Yes,"trace_id, x-span-id, request_id",No,Yes,"request_duration, status_code, downstream_latency",Yes,APPLICATION_SERVICE_URL,Morgan HTTP logging + Winston file logs + custom x-trace-id/x-span-id headers,No SDK. No OTEL propagation. No structured logging. No domain events. No metrics.,P3,Not Started,
/api/procurement-plan/items,POST,ProcurementPlanController,findAllPlanItems,E-Procurement,Get all plan items.,Cookie/Header (TokenMiddleware),Downstream (APPLICATION_SERVICE_URL),Medium,Item listing.,No,No,Yes,"trace_id, x-span-id, request_id",No,Yes,"request_duration, status_code, downstream_latency",Yes,APPLICATION_SERVICE_URL,Morgan HTTP logging + Winston file logs + custom x-trace-id/x-span-id headers,No SDK. No OTEL propagation. No structured logging. No domain events. No metrics.,P2,Not Started,
/api/procurement-plan/items/department,POST,ProcurementPlanController,findDepartmentPlanItems,E-Procurement,Get department plan items.,Cookie/Header (TokenMiddleware),Downstream (APPLICATION_SERVICE_URL),Medium,Department items.,No,No,Yes,"trace_id, x-span-id, request_id",No,Yes,"request_duration, status_code, downstream_latency",Yes,APPLICATION_SERVICE_URL,Morgan HTTP logging + Winston file logs + custom x-trace-id/x-span-id headers,No SDK. No OTEL propagation. No structured logging. No domain events. No metrics.,P2,Not Started,
/api/procurement-plan/items/:id,GET,ProcurementPlanController,findOnePlanItem,E-Procurement,Get plan item by ID.,Cookie/Header (TokenMiddleware),Downstream (APPLICATION_SERVICE_URL),Low,Item detail.,No,No,Yes,"trace_id, x-span-id, request_id",No,Yes,"request_duration, status_code, downstream_latency",Yes,APPLICATION_SERVICE_URL,Morgan HTTP logging + Winston file logs + custom x-trace-id/x-span-id headers,No SDK. No OTEL propagation. No structured logging. No domain events. No metrics.,P3,Not Started,
/api/procurement-plan/active-plan,POST,ProcurementPlanController,findDepartmentPlan,E-Procurement,Get department active plan.,Cookie/Header (TokenMiddleware),Downstream (APPLICATION_SERVICE_URL),Medium,Active plan lookup.,No,No,Yes,"trace_id, x-span-id, request_id",No,Yes,"request_duration, status_code, downstream_latency",Yes,APPLICATION_SERVICE_URL,Morgan HTTP logging + Winston file logs + custom x-trace-id/x-span-id headers,No SDK. No OTEL propagation. No structured logging. No domain events. No metrics.,P2,Not Started,
/api/procurement-plan/plans,POST,ProcurementPlanController,getPlansWithItems,E-Procurement,Get plans with items.,Cookie/Header (TokenMiddleware),Downstream (APPLICATION_SERVICE_URL),Medium,Plan+item listing.,No,No,Yes,"trace_id, x-span-id, request_id",No,Yes,"request_duration, status_code, downstream_latency",Yes,APPLICATION_SERVICE_URL,Morgan HTTP logging + Winston file logs + custom x-trace-id/x-span-id headers,No SDK. No OTEL propagation. No structured logging. No domain events. No metrics.,P2,Not Started,
/api/procurement-plan/budget-reserved-amount,POST,ProcurementPlanController,getBudgetReservedAmount,E-Procurement,Get budget reserved amount.,Cookie/Header (TokenMiddleware),Downstream (APPLICATION_SERVICE_URL),Medium,Budget validation.,No,No,Yes,"trace_id, x-span-id, request_id",Yes — financial data,Yes,"request_duration, status_code, downstream_latency",Yes,APPLICATION_SERVICE_URL,Morgan HTTP logging + Winston file logs + custom x-trace-id/x-span-id headers,No SDK. No OTEL propagation. No structured logging. No domain events. No metrics.,P2,Not Started,
/api/procurement-plan/:planId/reopen,POST,ProcurementPlanController,reopenPlan,E-Procurement,Reopen procurement plan.,Cookie/Header (TokenMiddleware),Downstream (APPLICATION_SERVICE_URL),High,Plan reopening.,No,Yes,Yes,"trace_id, x-span-id, request_id",No,Yes,"request_duration, status_code, downstream_latency",Yes,APPLICATION_SERVICE_URL,Morgan HTTP logging + Winston file logs + custom x-trace-id/x-span-id headers,No SDK. No OTEL propagation. No structured logging. No domain events. No metrics.,P1,Not Started,
/api/procurement-plan/:planId/close,POST,ProcurementPlanController,closePlan,E-Procurement,Close procurement plan.,Cookie/Header (TokenMiddleware),Downstream (APPLICATION_SERVICE_URL),High,Plan closing.,No,Yes,Yes,"trace_id, x-span-id, request_id",No,Yes,"request_duration, status_code, downstream_latency",Yes,APPLICATION_SERVICE_URL,Morgan HTTP logging + Winston file logs + custom x-trace-id/x-span-id headers,No SDK. No OTEL propagation. No structured logging. No domain events. No metrics.,P1,Not Started,
/api/procurement-plan/:planId/items,POST,ProcurementPlanController,addPlanItem,E-Procurement,Add plan item.,Cookie/Header (TokenMiddleware),Downstream (APPLICATION_SERVICE_URL),High,Item creation.,No,Yes,Yes,"trace_id, x-span-id, request_id",No,Yes,"request_duration, status_code, downstream_latency",Yes,APPLICATION_SERVICE_URL,Morgan HTTP logging + Winston file logs + custom x-trace-id/x-span-id headers,No SDK. No OTEL propagation. No structured logging. No domain events. No metrics.,P1,Not Started,FilesInterceptor
/api/bids,POST,BidController,submitBid,E-Procurement,Submit bid.,Cookie/Header (TokenMiddleware),Downstream (APPLICATION_SERVICE_URL),Critical,Bid submission.,No,Yes,Yes,"trace_id, x-span-id, request_id",Yes — financial data,Yes,"request_duration, status_code, downstream_latency",Yes,APPLICATION_SERVICE_URL,Morgan HTTP logging + Winston file logs + custom x-trace-id/x-span-id headers,No SDK. No OTEL propagation. No structured logging. No domain events. No metrics.,P0,Not Started,FilesInterceptor
/api/bids/all,POST,BidController,getAllBids,E-Procurement,Get all bids.,Cookie/Header (TokenMiddleware),Downstream (APPLICATION_SERVICE_URL),Medium,Bid listing.,No,No,Yes,"trace_id, x-span-id, request_id",No,Yes,"request_duration, status_code, downstream_latency",Yes,APPLICATION_SERVICE_URL,Morgan HTTP logging + Winston file logs + custom x-trace-id/x-span-id headers,No SDK. No OTEL propagation. No structured logging. No domain events. No metrics.,P2,Not Started,
/api/bids/list,POST,BidController,getAllBidsV2,E-Procurement,Get all bids (v2).,Cookie/Header (TokenMiddleware),Downstream (APPLICATION_SERVICE_URL),Medium,Bid listing v2.,No,No,Yes,"trace_id, x-span-id, request_id",No,Yes,"request_duration, status_code, downstream_latency",Yes,APPLICATION_SERVICE_URL,Morgan HTTP logging + Winston file logs + custom x-trace-id/x-span-id headers,No SDK. No OTEL propagation. No structured logging. No domain events. No metrics.,P2,Not Started,Duplicate of /all
/api/bids/lots/:tenderLotId/list,POST,BidController,getTenderLotBids,E-Procurement,Get tender lot bids.,Cookie/Header (TokenMiddleware),Downstream (APPLICATION_SERVICE_URL),Medium,Lot bid listing.,No,No,Yes,"trace_id, x-span-id, request_id",No,Yes,"request_duration, status_code, downstream_latency",Yes,APPLICATION_SERVICE_URL,Morgan HTTP logging + Winston file logs + custom x-trace-id/x-span-id headers,No SDK. No OTEL propagation. No structured logging. No domain events. No metrics.,P2,Not Started,
/api/bids/department,POST,BidController,getDepartmentBids,E-Procurement,Get department bids.,Cookie/Header (TokenMiddleware),Downstream (APPLICATION_SERVICE_URL),Medium,Department bids.,No,No,Yes,"trace_id, x-span-id, request_id",No,Yes,"request_duration, status_code, downstream_latency",Yes,APPLICATION_SERVICE_URL,Morgan HTTP logging + Winston file logs + custom x-trace-id/x-span-id headers,No SDK. No OTEL propagation. No structured logging. No domain events. No metrics.,P2,Not Started,
/api/bids/:bidId/revisions,POST,BidController,createBidRevision,E-Procurement,Create bid revision.,Cookie/Header (TokenMiddleware),Downstream (APPLICATION_SERVICE_URL),High,Bid revision.,No,Yes,Yes,"trace_id, x-span-id, request_id",No,Yes,"request_duration, status_code, downstream_latency",Yes,APPLICATION_SERVICE_URL,Morgan HTTP logging + Winston file logs + custom x-trace-id/x-span-id headers,No SDK. No OTEL propagation. No structured logging. No domain events. No metrics.,P1,Not Started,FilesInterceptor
/api/bids/:bidId/submit,POST,BidController,submitBidById,E-Procurement,Submit bid by ID.,Cookie/Header (TokenMiddleware),Downstream (APPLICATION_SERVICE_URL),Critical,Bid submission.,No,Yes,Yes,"trace_id, x-span-id, request_id",No,Yes,"request_duration, status_code, downstream_latency",Yes,APPLICATION_SERVICE_URL,Morgan HTTP logging + Winston file logs + custom x-trace-id/x-span-id headers,No SDK. No OTEL propagation. No structured logging. No domain events. No metrics.,P0,Not Started,
/api/bids/:bidId/withdraw,POST,BidController,withdrawBidById,E-Procurement,Withdraw bid.,Cookie/Header (TokenMiddleware),Downstream (APPLICATION_SERVICE_URL),High,Bid withdrawal.,No,Yes,Yes,"trace_id, x-span-id, request_id",No,Yes,"request_duration, status_code, downstream_latency",Yes,APPLICATION_SERVICE_URL,Morgan HTTP logging + Winston file logs + custom x-trace-id/x-span-id headers,No SDK. No OTEL propagation. No structured logging. No domain events. No metrics.,P1,Not Started,
/api/bids/lots/:tenderLotId/opening-report,GET,BidController,getTenderLotBidOpeningReport,E-Procurement,Get bid opening report.,Cookie/Header (TokenMiddleware),Downstream (APPLICATION_SERVICE_URL),Medium,Opening report.,No,No,Yes,"trace_id, x-span-id, request_id",No,Yes,"request_duration, status_code, downstream_latency",Yes,APPLICATION_SERVICE_URL,Morgan HTTP logging + Winston file logs + custom x-trace-id/x-span-id headers,No SDK. No OTEL propagation. No structured logging. No domain events. No metrics.,P2,Not Started,
/api/bids/:id,GET,BidController,getBid,E-Procurement,Get bid by ID.,Cookie/Header (TokenMiddleware),Downstream (APPLICATION_SERVICE_URL),Low,Bid detail.,No,No,Yes,"trace_id, x-span-id, request_id",No,Yes,"request_duration, status_code, downstream_latency",Yes,APPLICATION_SERVICE_URL,Morgan HTTP logging + Winston file logs + custom x-trace-id/x-span-id headers,No SDK. No OTEL propagation. No structured logging. No domain events. No metrics.,P3,Not Started,
/api/bids/:bidId/revisions/list,POST,BidController,getBidRevisions,E-Procurement,Get bid revisions.,Cookie/Header (TokenMiddleware),Downstream (APPLICATION_SERVICE_URL),Low,Revision listing.,No,No,Yes,"trace_id, x-span-id, request_id",No,Yes,"request_duration, status_code, downstream_latency",Yes,APPLICATION_SERVICE_URL,Morgan HTTP logging + Winston file logs + custom x-trace-id/x-span-id headers,No SDK. No OTEL propagation. No structured logging. No domain events. No metrics.,P3,Not Started,
/api/bids/supplier/list,POST,BidController,getSupplierAllBids,E-Procurement,Get supplier bids.,Cookie/Header (TokenMiddleware),Downstream (APPLICATION_SERVICE_URL),Medium,Supplier bid listing.,No,No,Yes,"trace_id, x-span-id, request_id",No,Yes,"request_duration, status_code, downstream_latency",Yes,APPLICATION_SERVICE_URL,Morgan HTTP logging + Winston file logs + custom x-trace-id/x-span-id headers,No SDK. No OTEL propagation. No structured logging. No domain events. No metrics.,P2,Not Started,
/api/bids/supplier/lots/:tenderLotId/list,POST,BidController,getSupplierBidsByTenderLot,E-Procurement,Get supplier bids by lot.,Cookie/Header (TokenMiddleware),Downstream (APPLICATION_SERVICE_URL),Medium,Supplier lot bids.,No,No,Yes,"trace_id, x-span-id, request_id",No,Yes,"request_duration, status_code, downstream_latency",Yes,APPLICATION_SERVICE_URL,Morgan HTTP logging + Winston file logs + custom x-trace-id/x-span-id headers,No SDK. No OTEL propagation. No structured logging. No domain events. No metrics.,P2,Not Started,
/api/bids/supplier/:bidId/revisions/list,POST,BidController,getSupplierBidRevisions,E-Procurement,Get supplier bid revisions.,Cookie/Header (TokenMiddleware),Downstream (APPLICATION_SERVICE_URL),Low,Supplier revisions.,No,No,Yes,"trace_id, x-span-id, request_id",No,Yes,"request_duration, status_code, downstream_latency",Yes,APPLICATION_SERVICE_URL,Morgan HTTP logging + Winston file logs + custom x-trace-id/x-span-id headers,No SDK. No OTEL propagation. No structured logging. No domain events. No metrics.,P3,Not Started,
/api/properties/full-text-search,GET,PropertiesController,fullTextSearchProperties,Properties & Real Estate,Full-text property search.,Cookie/Header (TokenMiddleware),Downstream (PROPERTIES_SERVICE_URL),Low,Property search.,No,No,Yes,"trace_id, x-span-id, request_id",No,Yes,"request_duration, status_code, downstream_latency",Yes,PROPERTIES_SERVICE_URL,Morgan HTTP logging + Winston file logs + custom x-trace-id/x-span-id headers,No SDK. No OTEL propagation. No structured logging. No domain events. No metrics.,P3,Not Started,
/api/properties,GET,PropertiesController,findAll,Properties & Real Estate,List all properties.,Cookie/Header (TokenMiddleware),Downstream (PROPERTIES_SERVICE_URL),Low,Property listing.,No,No,Yes,"trace_id, x-span-id, request_id",No,Yes,"request_duration, status_code, downstream_latency",Yes,PROPERTIES_SERVICE_URL,Morgan HTTP logging + Winston file logs + custom x-trace-id/x-span-id headers,No SDK. No OTEL propagation. No structured logging. No domain events. No metrics.,P3,Not Started,
/api/properties/search-by-fields,GET,PropertiesController,searchPropertiesByFields,Properties & Real Estate,Search properties by fields.,Cookie/Header (TokenMiddleware),Downstream (PROPERTIES_SERVICE_URL),Low,Field search.,No,No,Yes,"trace_id, x-span-id, request_id",No,Yes,"request_duration, status_code, downstream_latency",Yes,PROPERTIES_SERVICE_URL,Morgan HTTP logging + Winston file logs + custom x-trace-id/x-span-id headers,No SDK. No OTEL propagation. No structured logging. No domain events. No metrics.,P3,Not Started,
/api/properties,POST,PropertiesController,create,Properties & Real Estate,Create property.,Cookie/Header (TokenMiddleware),Downstream (PROPERTIES_SERVICE_URL),High,Property creation.,No,Yes,Yes,"trace_id, x-span-id, request_id",No,Yes,"request_duration, status_code, downstream_latency",Yes,PROPERTIES_SERVICE_URL,Morgan HTTP logging + Winston file logs + custom x-trace-id/x-span-id headers,No SDK. No OTEL propagation. No structured logging. No domain events. No metrics.,P1,Not Started,
/api/properties/draft,POST,PropertiesController,createDraft,Properties & Real Estate,Create property draft.,Cookie/Header (TokenMiddleware),Downstream (PROPERTIES_SERVICE_URL),Medium,Draft creation.,No,No,Yes,"trace_id, x-span-id, request_id",No,Yes,"request_duration, status_code, downstream_latency",Yes,PROPERTIES_SERVICE_URL,Morgan HTTP logging + Winston file logs + custom x-trace-id/x-span-id headers,No SDK. No OTEL propagation. No structured logging. No domain events. No metrics.,P2,Not Started,
/api/properties/:id/views,GET,PropertiesController,getPropertyViewsByWeekday,Properties & Real Estate,Get property views.,Cookie/Header (TokenMiddleware),Downstream (PROPERTIES_SERVICE_URL),Low,Analytics view.,No,No,Yes,"trace_id, x-span-id, request_id",No,Yes,"request_duration, status_code, downstream_latency",Yes,PROPERTIES_SERVICE_URL,Morgan HTTP logging + Winston file logs + custom x-trace-id/x-span-id headers,No SDK. No OTEL propagation. No structured logging. No domain events. No metrics.,P3,Not Started,
/api/properties/:id,GET,PropertiesController,findOne,Properties & Real Estate,Get property by ID.,Cookie/Header (TokenMiddleware),Downstream (PROPERTIES_SERVICE_URL),Low,Property detail.,No,No,Yes,"trace_id, x-span-id, request_id",No,Yes,"request_duration, status_code, downstream_latency",Yes,PROPERTIES_SERVICE_URL,Morgan HTTP logging + Winston file logs + custom x-trace-id/x-span-id headers,No SDK. No OTEL propagation. No structured logging. No domain events. No metrics.,P3,Not Started,
/api/properties/edit/:id,PUT,PropertiesController,edit,Properties & Real Estate,Edit property.,Cookie/Header (TokenMiddleware),Downstream (PROPERTIES_SERVICE_URL),High,Property edit.,No,Yes,Yes,"trace_id, x-span-id, request_id",No,Yes,"request_duration, status_code, downstream_latency",Yes,PROPERTIES_SERVICE_URL,Morgan HTTP logging + Winston file logs + custom x-trace-id/x-span-id headers,No SDK. No OTEL propagation. No structured logging. No domain events. No metrics.,P1,Not Started,
/api/properties/:id,PUT,PropertiesController,update,Properties & Real Estate,Update property.,Cookie/Header (TokenMiddleware),Downstream (PROPERTIES_SERVICE_URL),High,Property update.,No,Yes,Yes,"trace_id, x-span-id, request_id",No,Yes,"request_duration, status_code, downstream_latency",Yes,PROPERTIES_SERVICE_URL,Morgan HTTP logging + Winston file logs + custom x-trace-id/x-span-id headers,No SDK. No OTEL propagation. No structured logging. No domain events. No metrics.,P1,Not Started,
/api/properties/:id,DELETE,PropertiesController,delete,Properties & Real Estate,Delete property.,Cookie/Header (TokenMiddleware),Downstream (PROPERTIES_SERVICE_URL),High,Property deletion.,No,Yes,Yes,"trace_id, x-span-id, request_id",No,Yes,"request_duration, status_code, downstream_latency",Yes,PROPERTIES_SERVICE_URL,Morgan HTTP logging + Winston file logs + custom x-trace-id/x-span-id headers,No SDK. No OTEL propagation. No structured logging. No domain events. No metrics.,P1,Not Started,
/api/properties/:id/create-unit/draft,POST,PropertiesController,createUnitDraft,Properties & Real Estate,Create unit draft.,Cookie/Header (TokenMiddleware),Downstream (PROPERTIES_SERVICE_URL),Medium,Draft creation.,No,No,Yes,"trace_id, x-span-id, request_id",No,Yes,"request_duration, status_code, downstream_latency",Yes,PROPERTIES_SERVICE_URL,Morgan HTTP logging + Winston file logs + custom x-trace-id/x-span-id headers,No SDK. No OTEL propagation. No structured logging. No domain events. No metrics.,P2,Not Started,
/api/properties/:id/create-unit,POST,PropertiesController,createUnitForProperty,Properties & Real Estate,Create unit for property.,Cookie/Header (TokenMiddleware),Downstream (PROPERTIES_SERVICE_URL),High,Unit creation.,No,Yes,Yes,"trace_id, x-span-id, request_id",No,Yes,"request_duration, status_code, downstream_latency",Yes,PROPERTIES_SERVICE_URL,Morgan HTTP logging + Winston file logs + custom x-trace-id/x-span-id headers,No SDK. No OTEL propagation. No structured logging. No domain events. No metrics.,P1,Not Started,
/api/units,POST,UnitsController,createUnit,Properties & Real Estate,Create unit.,Cookie/Header (TokenMiddleware),Downstream (PROPERTIES_SERVICE_URL),High,Unit creation.,No,Yes,Yes,"trace_id, x-span-id, request_id",No,Yes,"request_duration, status_code, downstream_latency",Yes,PROPERTIES_SERVICE_URL,Morgan HTTP logging + Winston file logs + custom x-trace-id/x-span-id headers,No SDK. No OTEL propagation. No structured logging. No domain events. No metrics.,P1,Not Started,
/api/units,GET,UnitsController,findAll,Properties & Real Estate,List all units.,Cookie/Header (TokenMiddleware),Downstream (PROPERTIES_SERVICE_URL),Low,Unit listing.,No,No,Yes,"trace_id, x-span-id, request_id",No,Yes,"request_duration, status_code, downstream_latency",Yes,PROPERTIES_SERVICE_URL,Morgan HTTP logging + Winston file logs + custom x-trace-id/x-span-id headers,No SDK. No OTEL propagation. No structured logging. No domain events. No metrics.,P3,Not Started,
/api/units/search-by-fields,GET,UnitsController,searchUnitsByFields,Properties & Real Estate,Search units by fields.,Cookie/Header (TokenMiddleware),Downstream (PROPERTIES_SERVICE_URL),Low,Field search.,No,No,Yes,"trace_id, x-span-id, request_id",No,Yes,"request_duration, status_code, downstream_latency",Yes,PROPERTIES_SERVICE_URL,Morgan HTTP logging + Winston file logs + custom x-trace-id/x-span-id headers,No SDK. No OTEL propagation. No structured logging. No domain events. No metrics.,P3,Not Started,
/api/units/:id,GET,UnitsController,findById,Properties & Real Estate,Get unit by ID.,Cookie/Header (TokenMiddleware),Downstream (PROPERTIES_SERVICE_URL),Low,Unit detail.,No,No,Yes,"trace_id, x-span-id, request_id",No,Yes,"request_duration, status_code, downstream_latency",Yes,PROPERTIES_SERVICE_URL,Morgan HTTP logging + Winston file logs + custom x-trace-id/x-span-id headers,No SDK. No OTEL propagation. No structured logging. No domain events. No metrics.,P3,Not Started,
/api/units/:id,PUT,UnitsController,updateUnit,Properties & Real Estate,Update unit.,Cookie/Header (TokenMiddleware),Downstream (PROPERTIES_SERVICE_URL),High,Unit update.,No,Yes,Yes,"trace_id, x-span-id, request_id",No,Yes,"request_duration, status_code, downstream_latency",Yes,PROPERTIES_SERVICE_URL,Morgan HTTP logging + Winston file logs + custom x-trace-id/x-span-id headers,No SDK. No OTEL propagation. No structured logging. No domain events. No metrics.,P1,Not Started,
/api/units/:id,DELETE,UnitsController,deleteUnit,Properties & Real Estate,Delete unit.,Cookie/Header (TokenMiddleware),Downstream (PROPERTIES_SERVICE_URL),Medium,Unit deletion.,No,No,Yes,"trace_id, x-span-id, request_id",No,Yes,"request_duration, status_code, downstream_latency",Yes,PROPERTIES_SERVICE_URL,Morgan HTTP logging + Winston file logs + custom x-trace-id/x-span-id headers,No SDK. No OTEL propagation. No structured logging. No domain events. No metrics.,P2,Not Started,
/api/units/:id/views,PATCH,UnitsController,incrementViews,Properties & Real Estate,Increment unit views.,Cookie/Header (TokenMiddleware),Downstream (PROPERTIES_SERVICE_URL),Low,View tracking.,No,No,Yes,"trace_id, x-span-id, request_id",No,Yes,"request_duration, status_code, downstream_latency",Yes,PROPERTIES_SERVICE_URL,Morgan HTTP logging + Winston file logs + custom x-trace-id/x-span-id headers,No SDK. No OTEL propagation. No structured logging. No domain events. No metrics.,P3,Not Started,
/api/units/:id/rate,POST,UnitsController,rateUnit,Properties & Real Estate,Rate unit.,Cookie/Header (TokenMiddleware),Downstream (PROPERTIES_SERVICE_URL),Medium,User rating.,No,No,Yes,"trace_id, x-span-id, request_id",No,Yes,"request_duration, status_code, downstream_latency",Yes,PROPERTIES_SERVICE_URL,Morgan HTTP logging + Winston file logs + custom x-trace-id/x-span-id headers,No SDK. No OTEL propagation. No structured logging. No domain events. No metrics.,P2,Not Started,
/api/applications,POST,ApplicationsController,create,Properties & Real Estate,Create property application.,Cookie/Header (TokenMiddleware),Downstream (PROPERTIES_SERVICE_URL),High,Application creation.,No,Yes,Yes,"trace_id, x-span-id, request_id",No,Yes,"request_duration, status_code, downstream_latency",Yes,PROPERTIES_SERVICE_URL,Morgan HTTP logging + Winston file logs + custom x-trace-id/x-span-id headers,No SDK. No OTEL propagation. No structured logging. No domain events. No metrics.,P1,Not Started,
/api/applications,GET,ApplicationsController,findAll,Properties & Real Estate,List property applications.,Cookie/Header (TokenMiddleware),Downstream (PROPERTIES_SERVICE_URL),Low,Application listing.,No,No,Yes,"trace_id, x-span-id, request_id",No,Yes,"request_duration, status_code, downstream_latency",Yes,PROPERTIES_SERVICE_URL,Morgan HTTP logging + Winston file logs + custom x-trace-id/x-span-id headers,No SDK. No OTEL propagation. No structured logging. No domain events. No metrics.,P3,Not Started,
/api/applications/:id,GET,ApplicationsController,findOne,Properties & Real Estate,Get property application.,Cookie/Header (TokenMiddleware),Downstream (PROPERTIES_SERVICE_URL),Low,Application detail.,No,No,Yes,"trace_id, x-span-id, request_id",No,Yes,"request_duration, status_code, downstream_latency",Yes,PROPERTIES_SERVICE_URL,Morgan HTTP logging + Winston file logs + custom x-trace-id/x-span-id headers,No SDK. No OTEL propagation. No structured logging. No domain events. No metrics.,P3,Not Started,
/api/applications/:id,PUT,ApplicationsController,update,Properties & Real Estate,Update property application.,Cookie/Header (TokenMiddleware),Downstream (PROPERTIES_SERVICE_URL),High,Application update.,No,Yes,Yes,"trace_id, x-span-id, request_id",No,Yes,"request_duration, status_code, downstream_latency",Yes,PROPERTIES_SERVICE_URL,Morgan HTTP logging + Winston file logs + custom x-trace-id/x-span-id headers,No SDK. No OTEL propagation. No structured logging. No domain events. No metrics.,P1,Not Started,
/api/applications/:id,DELETE,ApplicationsController,delete,Properties & Real Estate,Delete property application.,Cookie/Header (TokenMiddleware),Downstream (PROPERTIES_SERVICE_URL),Medium,Application deletion.,No,No,Yes,"trace_id, x-span-id, request_id",No,Yes,"request_duration, status_code, downstream_latency",Yes,PROPERTIES_SERVICE_URL,Morgan HTTP logging + Winston file logs + custom x-trace-id/x-span-id headers,No SDK. No OTEL propagation. No structured logging. No domain events. No metrics.,P2,Not Started,
/api/requests,GET,RequestsController,findAll,Properties & Real Estate,List property requests.,Cookie/Header (TokenMiddleware),Downstream (PROPERTIES_SERVICE_URL),Low,Request listing.,No,No,Yes,"trace_id, x-span-id, request_id",No,Yes,"request_duration, status_code, downstream_latency",Yes,PROPERTIES_SERVICE_URL,Morgan HTTP logging + Winston file logs + custom x-trace-id/x-span-id headers,No SDK. No OTEL propagation. No structured logging. No domain events. No metrics.,P3,Not Started,
/api/requests/search-by-fields,GET,RequestsController,searchUnitsByFields,Properties & Real Estate,Search requests by fields.,Cookie/Header (TokenMiddleware),Downstream (PROPERTIES_SERVICE_URL),Low,Field search.,No,No,Yes,"trace_id, x-span-id, request_id",No,Yes,"request_duration, status_code, downstream_latency",Yes,PROPERTIES_SERVICE_URL,Morgan HTTP logging + Winston file logs + custom x-trace-id/x-span-id headers,No SDK. No OTEL propagation. No structured logging. No domain events. No metrics.,P3,Not Started,Method name copy-paste from UnitsController
/api/requests/:id,GET,RequestsController,findOne,Properties & Real Estate,Get property request.,Cookie/Header (TokenMiddleware),Downstream (PROPERTIES_SERVICE_URL),Low,Request detail.,No,No,Yes,"trace_id, x-span-id, request_id",No,Yes,"request_duration, status_code, downstream_latency",Yes,PROPERTIES_SERVICE_URL,Morgan HTTP logging + Winston file logs + custom x-trace-id/x-span-id headers,No SDK. No OTEL propagation. No structured logging. No domain events. No metrics.,P3,Not Started,
/api/requests/:id,PUT,RequestsController,update,Properties & Real Estate,Update property request.,Cookie/Header (TokenMiddleware),Downstream (PROPERTIES_SERVICE_URL),Medium,Request update.,No,No,Yes,"trace_id, x-span-id, request_id",No,Yes,"request_duration, status_code, downstream_latency",Yes,PROPERTIES_SERVICE_URL,Morgan HTTP logging + Winston file logs + custom x-trace-id/x-span-id headers,No SDK. No OTEL propagation. No structured logging. No domain events. No metrics.,P2,Not Started,
/api/tickets/create,POST,TicketController,create,CRM & Ticketing,Create support ticket.,Cookie/Header (TokenMiddleware),Downstream (CRM_SERVICE_URL),Medium,Ticket creation.,No,No,Yes,"trace_id, x-span-id, request_id",No,Yes,"request_duration, status_code, downstream_latency",Yes,CRM_SERVICE_URL,Morgan HTTP logging + Winston file logs + custom x-trace-id/x-span-id headers,No SDK. No OTEL propagation. No structured logging. No domain events. No metrics.,P2,Not Started,FileInterceptor (attachment)
/api/tickets,GET,TicketController,fetchTickets,CRM & Ticketing,List tickets.,Cookie/Header (TokenMiddleware),Downstream (CRM_SERVICE_URL),Low,Ticket listing.,No,No,Yes,"trace_id, x-span-id, request_id",No,Yes,"request_duration, status_code, downstream_latency",Yes,CRM_SERVICE_URL,Morgan HTTP logging + Winston file logs + custom x-trace-id/x-span-id headers,No SDK. No OTEL propagation. No structured logging. No domain events. No metrics.,P3,Not Started,
/api/tickets/:id,GET,TicketController,fetchOneTicket,CRM & Ticketing,Get ticket by ID.,Cookie/Header (TokenMiddleware),Downstream (CRM_SERVICE_URL),Low,Ticket detail.,No,No,Yes,"trace_id, x-span-id, request_id",No,Yes,"request_duration, status_code, downstream_latency",Yes,CRM_SERVICE_URL,Morgan HTTP logging + Winston file logs + custom x-trace-id/x-span-id headers,No SDK. No OTEL propagation. No structured logging. No domain events. No metrics.,P3,Not Started,
/api/tickets/update/:id,PATCH,TicketController,updateTicket,CRM & Ticketing,Update ticket.,Cookie/Header (TokenMiddleware),Downstream (CRM_SERVICE_URL),Medium,Ticket update.,No,No,Yes,"trace_id, x-span-id, request_id",No,Yes,"request_duration, status_code, downstream_latency",Yes,CRM_SERVICE_URL,Morgan HTTP logging + Winston file logs + custom x-trace-id/x-span-id headers,No SDK. No OTEL propagation. No structured logging. No domain events. No metrics.,P2,Not Started,
/api/ticket-assignments,GET,TicketAssignmentsController,fetchTicketAssignments,CRM & Ticketing,Get ticket assignments.,Cookie/Header (TokenMiddleware),Downstream (CRM_SERVICE_URL),Low,Assignment listing.,No,No,Yes,"trace_id, x-span-id, request_id",No,Yes,"request_duration, status_code, downstream_latency",Yes,CRM_SERVICE_URL,Morgan HTTP logging + Winston file logs + custom x-trace-id/x-span-id headers,No SDK. No OTEL propagation. No structured logging. No domain events. No metrics.,P3,Not Started,
/api/ticket-categories/create,POST,TicketCategoriesController,create,CRM & Ticketing,Create ticket category.,Cookie/Header (TokenMiddleware),Downstream (CRM_SERVICE_URL),Medium,Category creation.,No,No,Yes,"trace_id, x-span-id, request_id",No,Yes,"request_duration, status_code, downstream_latency",Yes,CRM_SERVICE_URL,Morgan HTTP logging + Winston file logs + custom x-trace-id/x-span-id headers,No SDK. No OTEL propagation. No structured logging. No domain events. No metrics.,P2,Not Started,
/api/ticket-categories,GET,TicketCategoriesController,fetchTicketCategories,CRM & Ticketing,List ticket categories.,Cookie/Header (TokenMiddleware),Downstream (CRM_SERVICE_URL),Low,Category listing.,No,No,Yes,"trace_id, x-span-id, request_id",No,Yes,"request_duration, status_code, downstream_latency",Yes,CRM_SERVICE_URL,Morgan HTTP logging + Winston file logs + custom x-trace-id/x-span-id headers,No SDK. No OTEL propagation. No structured logging. No domain events. No metrics.,P3,Not Started,
/api/ticket-categories/:id,GET,TicketCategoriesController,fetchOneTicket,CRM & Ticketing,Get ticket category.,Cookie/Header (TokenMiddleware),Downstream (CRM_SERVICE_URL),Low,Category detail.,No,No,Yes,"trace_id, x-span-id, request_id",No,Yes,"request_duration, status_code, downstream_latency",Yes,CRM_SERVICE_URL,Morgan HTTP logging + Winston file logs + custom x-trace-id/x-span-id headers,No SDK. No OTEL propagation. No structured logging. No domain events. No metrics.,P3,Not Started,
/api/ticket-categories/update/:id,PATCH,TicketCategoriesController,updateTicket,CRM & Ticketing,Update ticket category.,Cookie/Header (TokenMiddleware),Downstream (CRM_SERVICE_URL),Medium,Category update.,No,No,Yes,"trace_id, x-span-id, request_id",No,Yes,"request_duration, status_code, downstream_latency",Yes,CRM_SERVICE_URL,Morgan HTTP logging + Winston file logs + custom x-trace-id/x-span-id headers,No SDK. No OTEL propagation. No structured logging. No domain events. No metrics.,P2,Not Started,
/api/minuza-tickets/create,POST,MinuzaTicketController,create,CRM & Ticketing,Create Minuza ticket.,Cookie/Header (TokenMiddleware),Downstream (CRM_SERVICE_URL),Medium,Ticket creation.,No,No,Yes,"trace_id, x-span-id, request_id",No,Yes,"request_duration, status_code, downstream_latency",Yes,CRM_SERVICE_URL,Morgan HTTP logging + Winston file logs + custom x-trace-id/x-span-id headers,No SDK. No OTEL propagation. No structured logging. No domain events. No metrics.,P2,Not Started,FileInterceptor. Bug: service POSTs to /api/tickets/create not /api/minuza-tickets/create
/api/minuza-tickets,GET,MinuzaTicketController,fetchTickets,CRM & Ticketing,List Minuza tickets.,Cookie/Header (TokenMiddleware),Downstream (CRM_SERVICE_URL),Low,Ticket listing.,No,No,Yes,"trace_id, x-span-id, request_id",No,Yes,"request_duration, status_code, downstream_latency",Yes,CRM_SERVICE_URL,Morgan HTTP logging + Winston file logs + custom x-trace-id/x-span-id headers,No SDK. No OTEL propagation. No structured logging. No domain events. No metrics.,P3,Not Started,
/api/minuza-tickets/:id,GET,MinuzaTicketController,fetchOneTicket,CRM & Ticketing,Get Minuza ticket.,Cookie/Header (TokenMiddleware),Downstream (CRM_SERVICE_URL),Low,Ticket detail.,No,No,Yes,"trace_id, x-span-id, request_id",No,Yes,"request_duration, status_code, downstream_latency",Yes,CRM_SERVICE_URL,Morgan HTTP logging + Winston file logs + custom x-trace-id/x-span-id headers,No SDK. No OTEL propagation. No structured logging. No domain events. No metrics.,P3,Not Started,
/api/minuza-tickets/update/:id,PATCH,MinuzaTicketController,updateTicket,CRM & Ticketing,Update Minuza ticket.,Cookie/Header (TokenMiddleware),Downstream (CRM_SERVICE_URL),Medium,Ticket update.,No,No,Yes,"trace_id, x-span-id, request_id",No,Yes,"request_duration, status_code, downstream_latency",Yes,CRM_SERVICE_URL,Morgan HTTP logging + Winston file logs + custom x-trace-id/x-span-id headers,No SDK. No OTEL propagation. No structured logging. No domain events. No metrics.,P2,Not Started,
/api/minuza-users,GET,MinuzaUsersController,fetchMinuzaUsers,CRM & Ticketing,List Minuza users.,Cookie/Header (TokenMiddleware),Downstream (CRM_SERVICE_URL),Low,User listing.,No,No,Yes,"trace_id, x-span-id, request_id",No,Yes,"request_duration, status_code, downstream_latency",Yes,CRM_SERVICE_URL,Morgan HTTP logging + Winston file logs + custom x-trace-id/x-span-id headers,No SDK. No OTEL propagation. No structured logging. No domain events. No metrics.,P3,Not Started,
/api/minuza-users/customers,GET,MinuzaUsersController,fetchMinuzaCustomers,CRM & Ticketing,List Minuza customers.,Cookie/Header (TokenMiddleware),Downstream (CRM_SERVICE_URL),Low,Customer listing.,No,No,Yes,"trace_id, x-span-id, request_id",No,Yes,"request_duration, status_code, downstream_latency",Yes,CRM_SERVICE_URL,Morgan HTTP logging + Winston file logs + custom x-trace-id/x-span-id headers,No SDK. No OTEL propagation. No structured logging. No domain events. No metrics.,P3,Not Started,
/api/minuza-users/:id,GET,MinuzaUsersController,fetchOneMinuzaUser,CRM & Ticketing,Get Minuza user.,Cookie/Header (TokenMiddleware),Downstream (CRM_SERVICE_URL),Low,User detail.,No,No,Yes,"trace_id, x-span-id, request_id",No,Yes,"request_duration, status_code, downstream_latency",Yes,CRM_SERVICE_URL,Morgan HTTP logging + Winston file logs + custom x-trace-id/x-span-id headers,No SDK. No OTEL propagation. No structured logging. No domain events. No metrics.,P3,Not Started,
